Date,HomeTeam,AwayTeam,FTHG,FTAG,FTR,season,home_team_id,away_team_id,p_home_win,p_draw,p_away_win
2023-08-11,Burnley,Man City,0,3,A,23-24,5,16,0.4424812030075188,0.23458646616541354,0.3229323308270677
2023-08-12,Arsenal,Nott'm Forest,2,1,H,23-24,0,-1,0.4424812030075188,0.23458646616541354,0.3229323308270677
2023-08-12,Bournemouth,West Ham,1,1,D,23-24,2,29,0.4424812030075188,0.23458646616541354,0.3229323308270677
2023-08-12,Brighton,Luton,4,1,H,23-24,4,-1,0.4424812030075188,0.23458646616541354,0.3229323308270677
2023-08-12,Everton,Fulham,0,1,A,23-24,9,10,0.4424812030075188,0.23458646616541354,0.3229323308270677
2023-08-12,Sheffield Utd,Crystal Palace,0,1,A,23-24,21,8,0.4424812030075188,0.23458646616541354,0.3229323308270677
2023-08-12,Newcastle,Aston Villa,5,1,H,23-24,19,1,0.4424812030075188,0.23458646616541354,0.3229323308270677
2023-08-13,Chelsea,Liverpool,1,1,D,23-24,7,15,0.4424812030075188,0.23458646616541354,0.3229323308270677
2023-08-13,Brentford,Tottenham,2,2,D,23-24,3,26,0.4424812030075188,0.23458646616541354,0.3229323308270677
2023-08-14,Man United,Wolves,1,0,H,23-24,17,30,0.4424812030075188,0.23458646616541354,0.3229323308270677
2023-08-18,Nott'm Forest,Sheffield Utd,2,1,H,23-24,-1,21,0.4424812030075188,0.23458646616541354,0.3229323308270677
2023-08-19,Fulham,Brentford,0,3,A,23-24,10,3,0.4424812030075188,0.23458646616541354,0.3229323308270677
2023-08-19,Liverpool,Bournemouth,3,1,H,23-24,15,2,0.4424812030075188,0.23458646616541354,0.3229323308270677
2023-08-19,Wolves,Brighton,1,4,A,23-24,30,4,0.4424812030075188,0.23458646616541354,0.3229323308270677
2023-08-19,Tottenham,Man United,2,0,H,23-24,26,17,0.4424812030075188,0.23458646616541354,0.3229323308270677
2023-08-19,Man City,Newcastle,1,0,H,23-24,16,19,0.4424812030075188,0.23458646616541354,0.3229323308270677
2023-08-20,Aston Villa,Everton,4,0,H,23-24,1,9,0.4424812030075188,0.23458646616541354,0.3229323308270677
2023-08-20,West Ham,Chelsea,3,1,H,23-24,29,7,0.4424812030075188,0.23458646616541354,0.3229323308270677
2023-08-21,Crystal Palace,Arsenal,0,1,A,23-24,8,0,0.4424812030075188,0.23458646616541354,0.3229323308270677
2023-08-25,Chelsea,Luton,3,0,H,23-24,7,-1,0.4424812030075188,0.23458646616541354,0.3229323308270677
2023-08-26,Bournemouth,Tottenham,0,2,A,23-24,2,26,0.4424812030075188,0.23458646616541354,0.3229323308270677
2023-08-26,Arsenal,Fulham,2,2,D,23-24,0,10,0.4424812030075188,0.23458646616541354,0.3229323308270677
2023-08-26,Brentford,Crystal Palace,1,1,D,23-24,3,8,0.4424812030075188,0.23458646616541354,0.3229323308270677
2023-08-26,Everton,Wolves,0,1,A,23-24,9,30,0.4424812030075188,0.23458646616541354,0.3229323308270677
2023-08-26,Man United,Nott'm Forest,3,2,H,23-24,17,-1,0.4424812030075188,0.23458646616541354,0.3229323308270677
2023-08-26,Brighton,West Ham,1,3,A,23-24,4,29,0.4424812030075188,0.23458646616541354,0.3229323308270677
2023-08-27,Burnley,Aston Villa,1,3,A,23-24,5,1,0.4424812030075188,0.23458646616541354,0.3229323308270677
2023-08-27,Sheffield Utd,Man City,1,2,A,23-24,21,16,0.4424812030075188,0.23458646616541354,0.3229323308270677
2023-08-27,Newcastle,Liverpool,1,2,A,23-24,19,15,0.4424812030075188,0.23458646616541354,0.3229323308270677
2023-09-01,Luton,West Ham,1,2,A,23-24,-1,29,0.4424812030075188,0.23458646616541354,0.3229323308270677
2023-09-02,Brighton,Newcastle,3,1,H,23-24,4,19,0.4424812030075188,0.23458646616541354,0.3229323308270677
2023-09-02,Man City,Fulham,5,1,H,23-24,16,10,0.4424812030075188,0.23458646616541354,0.3229323308270677
2023-09-02,Chelsea,Nott'm Forest,0,1,A,23-24,7,-1,0.4424812030075188,0.23458646616541354,0.3229323308270677
2023-09-02,Brentford,Bournemouth,2,2,D,23-24,3,2,0.4424812030075188,0.23458646616541354,0.3229323308270677
2023-09-02,Sheffield Utd,Everton,2,2,D,23-24,21,9,0.4424812030075188,0.23458646616541354,0.3229323308270677
2023-09-02,Burnley,Tottenham,2,5,A,23-24,5,26,0.4424812030075188,0.23458646616541354,0.3229323308270677
2023-09-03,Crystal Palace,Wolves,3,2,H,23-24,8,30,0.4424812030075188,0.23458646616541354,0.3229323308270677
2023-09-03,Liverpool,Aston Villa,3,0,H,23-24,15,1,0.4424812030075188,0.23458646616541354,0.3229323308270677
2023-09-03,Arsenal,Man United,3,1,H,23-24,0,17,0.4424812030075188,0.23458646616541354,0.3229323308270677
2023-09-16,West Ham,Man City,1,3,A,23-24,29,16,0.4424812030075188,0.23458646616541354,0.3229323308270677
2023-09-16,Wolves,Liverpool,1,3,A,23-24,30,15,0.4424812030075188,0.23458646616541354,0.3229323308270677
2023-09-16,Aston Villa,Crystal Palace,3,1,H,23-24,1,8,0.4424812030075188,0.23458646616541354,0.3229323308270677
2023-09-16,Fulham,Luton,1,0,H,23-24,10,-1,0.4424812030075188,0.23458646616541354,0.3229323308270677
2023-09-16,Man United,Brighton,1,3,A,23-24,17,4,0.4424812030075188,0.23458646616541354,0.3229323308270677
2023-09-16,Tottenham,Sheffield Utd,2,1,H,23-24,26,21,0.4424812030075188,0.23458646616541354,0.3229323308270677
2023-09-16,Newcastle,Brentford,1,0,H,23-24,19,3,0.4424812030075188,0.23458646616541354,0.3229323308270677
2023-09-17,Everton,Arsenal,0,1,A,23-24,9,0,0.4424812030075188,0.23458646616541354,0.3229323308270677
2023-09-17,Bournemouth,Chelsea,0,0,D,23-24,2,7,0.4424812030075188,0.23458646616541354,0.3229323308270677
2023-09-18,Nott'm Forest,Burnley,1,1,D,23-24,-1,5,0.4424812030075188,0.23458646616541354,0.3229323308270677
2023-09-23,Crystal Palace,Fulham,0,0,D,23-24,8,10,0.4424812030075188,0.23458646616541354,0.3229323308270677
2023-09-23,Luton,Wolves,1,1,D,23-24,-1,30,0.4424812030075188,0.23458646616541354,0.3229323308270677
2023-09-23,Man City,Nott'm Forest,2,0,H,23-24,16,-1,0.4424812030075188,0.23458646616541354,0.3229323308270677
2023-09-23,Brentford,Everton,1,3,A,23-24,3,9,0.4424812030075188,0.23458646616541354,0.3229323308270677
2023-09-23,Burnley,Man United,0,1,A,23-24,5,17,0.4424812030075188,0.23458646616541354,0.3229323308270677
2023-09-24,Liverpool,West Ham,3,1,H,23-24,15,29,0.4424812030075188,0.23458646616541354,0.3229323308270677
2023-09-24,Chelsea,Aston Villa,0,1,A,23-24,7,1,0.4424812030075188,0.23458646616541354,0.3229323308270677
2023-09-24,Sheffield Utd,Newcastle,0,8,A,23-24,21,19,0.4424812030075188,0.23458646616541354,0.3229323308270677
2023-09-24,Arsenal,Tottenham,2,2,D,23-24,0,26,0.4424812030075188,0.23458646616541354,0.3229323308270677
2023-09-24,Brighton,Bournemouth,3,1,H,23-24,4,2,0.4424812030075188,0.23458646616541354,0.3229323308270677
2023-09-30,Wolves,Man City,2,1,H,23-24,30,16,0.4424812030075188,0.23458646616541354,0.3229323308270677
2023-09-30,West Ham,Sheffield Utd,2,0,H,23-24,29,21,0.4424812030075188,0.23458646616541354,0.3229323308270677
2023-09-30,Tottenham,Liverpool,2,1,H,23-24,26,15,0.4424812030075188,0.23458646616541354,0.3229323308270677
2023-09-30,Newcastle,Burnley,2,0,H,23-24,19,5,0.4424812030075188,0.23458646616541354,0.3229323308270677
2023-09-30,Bournemouth,Arsenal,0,4,A,23-24,2,0,0.4424812030075188,0.23458646616541354,0.3229323308270677
2023-09-30,Everton,Luton,1,2,A,23-24,9,-1,0.4424812030075188,0.23458646616541354,0.3229323308270677
2023-09-30,Man United,Crystal Palace,0,1,A,23-24,17,8,0.4424812030075188,0.23458646616541354,0.3229323308270677
2023-09-30,Aston Villa,Brighton,6,1,H,23-24,1,4,0.4424812030075188,0.23458646616541354,0.3229323308270677
2023-10-01,Nott'm Forest,Brentford,1,1,D,23-24,-1,3,0.4424812030075188,0.23458646616541354,0.3229323308270677
2023-10-02,Fulham,Chelsea,0,2,A,23-24,10,7,0.4424812030075188,0.23458646616541354,0.3229323308270677
2023-10-03,Luton,Burnley,1,2,A,23-24,-1,5,0.4424812030075188,0.23458646616541354,0.3229323308270677
2023-10-07,Luton,Tottenham,0,1,A,23-24,-1,26,0.4424812030075188,0.23458646616541354,0.3229323308270677
2023-10-07,Burnley,Chelsea,1,4,A,23-24,5,7,0.4424812030075188,0.23458646616541354,0.3229323308270677
2023-10-07,Everton,Bournemouth,3,0,H,23-24,9,2,0.4424812030075188,0.23458646616541354,0.3229323308270677
2023-10-07,Fulham,Sheffield Utd,3,1,H,23-24,10,21,0.4424812030075188,0.23458646616541354,0.3229323308270677
2023-10-07,Man United,Brentford,2,1,H,23-24,17,3,0.4424812030075188,0.23458646616541354,0.3229323308270677
2023-10-07,Crystal Palace,Nott'm Forest,0,0,D,23-24,8,-1,0.4424812030075188,0.23458646616541354,0.3229323308270677
2023-10-08,Arsenal,Man City,1,0,H,23-24,0,16,0.4424812030075188,0.23458646616541354,0.3229323308270677
2023-10-08,Wolves,Aston Villa,1,1,D,23-24,30,1,0.4424812030075188,0.23458646616541354,0.3229323308270677
2023-10-08,Brighton,Liverpool,2,2,D,23-24,4,15,0.4424812030075188,0.23458646616541354,0.3229323308270677
2023-10-08,West Ham,Newcastle,2,2,D,23-24,29,19,0.4424812030075188,0.23458646616541354,0.3229323308270677
2023-10-21,Liverpool,Everton,2,0,H,23-24,15,9,0.4424812030075188,0.23458646616541354,0.3229323308270677
2023-10-21,Bournemouth,Wolves,1,2,A,23-24,2,30,0.4424812030075188,0.23458646616541354,0.3229323308270677
2023-10-21,Brentford,Burnley,3,0,H,23-24,3,5,0.4424812030075188,0.23458646616541354,0.3229323308270677
2023-10-21,Man City,Brighton,2,1,H,23-24,16,4,0.4424812030075188,0.23458646616541354,0.3229323308270677
2023-10-21,Newcastle,Crystal Palace,4,0,H,23-24,19,8,0.4424812030075188,0.23458646616541354,0.3229323308270677
2023-10-21,Nott'm Forest,Luton,2,2,D,23-24,-1,-1,0.4424812030075188,0.23458646616541354,0.3229323308270677
2023-10-21,Chelsea,Arsenal,2,2,D,23-24,7,0,0.4424812030075188,0.23458646616541354,0.3229323308270677
2023-10-21,Sheffield Utd,Man United,1,2,A,23-24,21,17,0.4424812030075188,0.23458646616541354,0.3229323308270677
2023-10-22,Aston Villa,West Ham,4,1,H,23-24,1,29,0.4424812030075188,0.23458646616541354,0.3229323308270677
2023-10-23,Tottenham,Fulham,2,0,H,23-24,26,10,0.4424812030075188,0.23458646616541354,0.3229323308270677
2023-10-27,Crystal Palace,Tottenham,1,2,A,23-24,8,26,0.4424812030075188,0.23458646616541354,0.3229323308270677
2023-10-28,Chelsea,Brentford,0,2,A,23-24,7,3,0.4424812030075188,0.23458646616541354,0.3229323308270677
2023-10-28,Arsenal,Sheffield Utd,5,0,H,23-24,0,21,0.4424812030075188,0.23458646616541354,0.3229323308270677
2023-10-28,Bournemouth,Burnley,2,1,H,23-24,2,5,0.4424812030075188,0.23458646616541354,0.3229323308270677
2023-10-28,Wolves,Newcastle,2,2,D,23-24,30,19,0.4424812030075188,0.23458646616541354,0.3229323308270677
2023-10-29,West Ham,Everton,0,1,A,23-24,29,9,0.4424812030075188,0.23458646616541354,0.3229323308270677
2023-10-29,Aston Villa,Luton,3,1,H,23-24,1,-1,0.4424812030075188,0.23458646616541354,0.3229323308270677
2023-10-29,Brighton,Fulham,1,1,D,23-24,4,10,0.4424812030075188,0.23458646616541354,0.3229323308270677
2023-10-29,Liverpool,Nott'm Forest,3,0,H,23-24,15,-1,0.4424812030075188,0.23458646616541354,0.3229323308270677
2023-10-29,Man United,Man City,0,3,A,23-24,17,16,0.4424812030075188,0.23458646616541354,0.3229323308270677
2023-11-04,Newcastle,Arsenal,1,0,H,23-24,19,0,0.4424812030075188,0.23458646616541354,0.3229323308270677
2023-11-04,Sheffield Utd,Wolves,2,1,H,23-24,21,30,0.4424812030075188,0.23458646616541354,0.3229323308270677
2023-11-04,Man City,Bournemouth,6,1,H,23-24,16,2,0.4424812030075188,0.23458646616541354,0.3229323308270677
2023-11-04,Everton,Brighton,1,1,D,23-24,9,4,0.4424812030075188,0.23458646616541354,0.3229323308270677
2023-11-04,Burnley,Crystal Palace,0,2,A,23-24,5,8,0.4424812030075188,0.23458646616541354,0.3229323308270677
2023-11-04,Brentford,West Ham,3,2,H,23-24,3,29,0.4424812030075188,0.23458646616541354,0.3229323308270677
2023-11-04,Fulham,Man United,0,1,A,23-24,10,17,0.4424812030075188,0.23458646616541354,0.3229323308270677
2023-11-05,Nott'm Forest,Aston Villa,2,0,H,23-24,-1,1,0.4424812030075188,0.23458646616541354,0.3229323308270677
2023-11-05,Luton,Liverpool,1,1,D,23-24,-1,15,0.4424812030075188,0.23458646616541354,0.3229323308270677
2023-11-06,Tottenham,Chelsea,1,4,A,23-24,26,7,0.4424812030075188,0.23458646616541354,0.3229323308270677
2023-11-11,Wolves,Tottenham,2,1,H,23-24,30,26,0.4424812030075188,0.23458646616541354,0.3229323308270677
2023-11-11,Arsenal,Burnley,3,1,H,23-24,0,5,0.4424812030075188,0.23458646616541354,0.3229323308270677
2023-11-11,Crystal Palace,Everton,2,3,A,23-24,8,9,0.4424812030075188,0.23458646616541354,0.3229323308270677
2023-11-11,Man United,Luton,1,0,H,23-24,17,-1,0.4424812030075188,0.23458646616541354,0.3229323308270677
2023-11-11,Bournemouth,Newcastle,2,0,H,23-24,2,19,0.4424812030075188,0.23458646616541354,0.3229323308270677
2023-11-12,Chelsea,Man City,4,4,D,23-24,7,16,0.4424812030075188,0.23458646616541354,0.3229323308270677
2023-11-12,West Ham,Nott'm Forest,3,2,H,23-24,29,-1,0.4424812030075188,0.23458646616541354,0.3229323308270677
2023-11-12,Aston Villa,Fulham,3,1,H,23-24,1,10,0.4424812030075188,0.23458646616541354,0.3229323308270677
2023-11-12,Brighton,Sheffield Utd,1,1,D,23-24,4,21,0.4424812030075188,0.23458646616541354,0.3229323308270677
2023-11-12,Liverpool,Brentford,3,0,H,23-24,15,3,0.4424812030075188,0.23458646616541354,0.3229323308270677
2023-11-25,Man City,Liverpool,1,1,D,23-24,16,15,0.4424812030075188,0.23458646616541354,0.3229323308270677
2023-11-25,Burnley,West Ham,1,2,A,23-24,5,29,0.4424812030075188,0.23458646616541354,0.3229323308270677
2023-11-25,Luton,Crystal Palace,2,1,H,23-24,-1,8,0.4424812030075188,0.23458646616541354,0.3229323308270677
2023-11-25,Newcastle,Chelsea,4,1,H,23-24,19,7,0.4424812030075188,0.23458646616541354,0.3229323308270677
2023-11-25,Nott'm Forest,Brighton,2,3,A,23-24,-1,4,0.4424812030075188,0.23458646616541354,0.3229323308270677
2023-11-25,Sheffield Utd,Bournemouth,1,3,A,23-24,21,2,0.4424812030075188,0.23458646616541354,0.3229323308270677
2023-11-25,Brentford,Arsenal,0,1,A,23-24,3,0,0.4424812030075188,0.23458646616541354,0.3229323308270677
2023-11-26,Tottenham,Aston Villa,1,2,A,23-24,26,1,0.4424812030075188,0.23458646616541354,0.3229323308270677
2023-11-26,Everton,Man United,0,3,A,23-24,9,17,0.4424812030075188,0.23458646616541354,0.3229323308270677
2023-11-27,Fulham,Wolves,3,2,H,23-24,10,30,0.4424812030075188,0.23458646616541354,0.3229323308270677
2023-12-02,Newcastle,Man United,1,0,H,23-24,19,17,0.4424812030075188,0.23458646616541354,0.3229323308270677
2023-12-02,Nott'm Forest,Everton,0,1,A,23-24,-1,9,0.4424812030075188,0.23458646616541354,0.3229323308270677
2023-12-02,Brentford,Luton,3,1,H,23-24,3,-1,0.4424812030075188,0.23458646616541354,0.3229323308270677
2023-12-02,Arsenal,Wolves,2,1,H,23-24,0,30,0.4424812030075188,0.23458646616541354,0.3229323308270677
2023-12-02,Burnley,Sheffield Utd,5,0,H,23-24,5,21,0.4424812030075188,0.23458646616541354,0.3229323308270677
2023-12-03,Bournemouth,Aston Villa,2,2,D,23-24,2,1,0.4424812030075188,0.23458646616541354,0.3229323308270677
2023-12-03,Chelsea,Brighton,3,2,H,23-24,7,4,0.4424812030075188,0.23458646616541354,0.3229323308270677
2023-12-03,Liverpool,Fulham,4,3,H,23-24,15,10,0.4424812030075188,0.23458646616541354,0.3229323308270677
2023-12-03,West Ham,Crystal Palace,1,1,D,23-24,29,8,0.4424812030075188,0.23458646616541354,0.3229323308270677
2023-12-03,Man City,Tottenham,3,3,D,23-24,16,26,0.4424812030075188,0.23458646616541354,0.3229323308270677
2023-12-05,Wolves,Burnley,1,0,H,23-24,30,5,0.4424812030075188,0.23458646616541354,0.3229323308270677
2023-12-05,Luton,Arsenal,3,4,A,23-24,-1,0,0.4424812030075188,0.23458646616541354,0.3229323308270677
2023-12-06,Aston Villa,Man City,1,0,H,23-24,1,16,0.4424812030075188,0.23458646616541354,0.3229323308270677
2023-12-06,Man United,Chelsea,2,1,H,23-24,17,7,0.4424812030075188,0.23458646616541354,0.3229323308270677
2023-12-06,Sheffield Utd,Liverpool,0,2,A,23-24,21,15,0.4424812030075188,0.23458646616541354,0.3229323308270677
2023-12-06,Brighton,Brentford,2,1,H,23-24,4,3,0.4424812030075188,0.23458646616541354,0.3229323308270677
2023-12-06,Crystal Palace,Bournemouth,0,2,A,23-24,8,2,0.4424812030075188,0.23458646616541354,0.3229323308270677
2023-12-06,Fulham,Nott'm Forest,5,0,H,23-24,10,-1,0.4424812030075188,0.23458646616541354,0.3229323308270677
2023-12-07,Everton,Newcastle,3,0,H,23-24,9,19,0.4424812030075188,0.23458646616541354,0.3229323308270677
2023-12-07,Tottenham,West Ham,1,2,A,23-24,26,29,0.4424812030075188,0.23458646616541354,0.3229323308270677
2023-12-09,Crystal Palace,Liverpool,1,2,A,23-24,8,15,0.4424812030075188,0.23458646616541354,0.3229323308270677
2023-12-09,Brighton,Burnley,1,1,D,23-24,4,5,0.4424812030075188,0.23458646616541354,0.3229323308270677
2023-12-09,Man United,Bournemouth,0,3,A,23-24,17,2,0.4424812030075188,0.23458646616541354,0.3229323308270677
2023-12-09,Sheffield Utd,Brentford,1,0,H,23-24,21,3,0.4424812030075188,0.23458646616541354,0.3229323308270677
2023-12-09,Wolves,Nott'm Forest,1,1,D,23-24,30,-1,0.4424812030075188,0.23458646616541354,0.3229323308270677
2023-12-09,Aston Villa,Arsenal,1,0,H,23-24,1,0,0.4424812030075188,0.23458646616541354,0.3229323308270677
2023-12-10,Tottenham,Newcastle,4,1,H,23-24,26,19,0.4424812030075188,0.23458646616541354,0.3229323308270677
2023-12-10,Luton,Man City,1,2,A,23-24,-1,16,0.4424812030075188,0.23458646616541354,0.3229323308270677
2023-12-10,Everton,Chelsea,2,0,H,23-24,9,7,0.4424812030075188,0.23458646616541354,0.3229323308270677
2023-12-10,Fulham,West Ham,5,0,H,23-24,10,29,0.4424812030075188,0.23458646616541354,0.3229323308270677
2023-12-15,Nott'm Forest,Tottenham,0,2,A,23-24,-1,26,0.4424812030075188,0.23458646616541354,0.3229323308270677
2023-12-16,Chelsea,Sheffield Utd,2,0,H,23-24,7,21,0.4424812030075188,0.23458646616541354,0.3229323308270677
2023-12-16,Man City,Crystal Palace,2,2,D,23-24,16,8,0.4424812030075188,0.23458646616541354,0.3229323308270677
2023-12-16,Newcastle,Fulham,3,0,H,23-24,19,10,0.4424812030075188,0.23458646616541354,0.3229323308270677
2023-12-16,Burnley,Everton,0,2,A,23-24,5,9,0.4424812030075188,0.23458646616541354,0.3229323308270677
2023-12-17,Liverpool,Man United,0,0,D,23-24,15,17,0.4424812030075188,0.23458646616541354,0.3229323308270677
2023-12-17,West Ham,Wolves,3,0,H,23-24,29,30,0.4424812030075188,0.23458646616541354,0.3229323308270677
2023-12-17,Brentford,Aston Villa,1,2,A,23-24,3,1,0.4424812030075188,0.23458646616541354,0.3229323308270677
2023-12-17,Arsenal,Brighton,2,0,H,23-24,0,4,0.4424812030075188,0.23458646616541354,0.3229323308270677
2023-12-21,Crystal Palace,Brighton,1,1,D,23-24,8,4,0.4424812030075188,0.23458646616541354,0.3229323308270677
2023-12-22,Aston Villa,Sheffield Utd,1,1,D,23-24,1,21,0.4424812030075188,0.23458646616541354,0.3229323308270677
2023-12-23,West Ham,Man United,2,0,H,23-24,29,17,0.4424812030075188,0.23458646616541354,0.3229323308270677
2023-12-23,Fulham,Burnley,0,2,A,23-24,10,5,0.4424812030075188,0.23458646616541354,0.3229323308270677
2023-12-23,Luton,Newcastle,1,0,H,23-24,-1,19,0.4424812030075188,0.23458646616541354,0.3229323308270677
2023-12-23,Nott'm Forest,Bournemouth,2,3,A,23-24,-1,2,0.4424812030075188,0.23458646616541354,0.3229323308270677
2023-12-23,Tottenham,Everton,2,1,H,23-24,26,9,0.4424812030075188,0.23458646616541354,0.3229323308270677
2023-12-23,Liverpool,Arsenal,1,1,D,23-24,15,0,0.4424812030075188,0.23458646616541354,0.3229323308270677
2023-12-24,Wolves,Chelsea,2,1,H,23-24,30,7,0.4424812030075188,0.23458646616541354,0.3229323308270677
2023-12-26,Man United,Aston Villa,3,2,H,23-24,17,1,0.4424812030075188,0.23458646616541354,0.3229323308270677
2023-12-26,Burnley,Liverpool,0,2,A,23-24,5,15,0.4424812030075188,0.23458646616541354,0.3229323308270677
2023-12-26,Newcastle,Nott'm Forest,1,3,A,23-24,19,-1,0.4424812030075188,0.23458646616541354,0.3229323308270677
2023-12-26,Bournemouth,Fulham,3,0,H,23-24,2,10,0.4424812030075188,0.23458646616541354,0.3229323308270677
2023-12-26,Sheffield Utd,Luton,2,3,A,23-24,21,-1,0.4424812030075188,0.23458646616541354,0.3229323308270677
2023-12-27,Brentford,Wolves,1,4,A,23-24,3,30,0.4424812030075188,0.23458646616541354,0.3229323308270677
2023-12-27,Chelsea,Crystal Palace,2,1,H,23-24,7,8,0.4424812030075188,0.23458646616541354,0.3229323308270677
2023-12-27,Everton,Man City,1,3,A,23-24,9,16,0.4424812030075188,0.23458646616541354,0.3229323308270677
2023-12-28,Brighton,Tottenham,4,2,H,23-24,4,26,0.4424812030075188,0.23458646616541354,0.3229323308270677
2023-12-28,Arsenal,West Ham,0,2,A,23-24,0,29,0.4424812030075188,0.23458646616541354,0.3229323308270677
2023-12-30,Wolves,Everton,3,0,H,23-24,30,9,0.4424812030075188,0.23458646616541354,0.3229323308270677
2023-12-30,Man City,Sheffield Utd,2,0,H,23-24,16,21,0.4424812030075188,0.23458646616541354,0.3229323308270677
2023-12-30,Nott'm Forest,Man United,2,1,H,23-24,-1,17,0.4424812030075188,0.23458646616541354,0.3229323308270677
2023-12-30,Aston Villa,Burnley,3,2,H,23-24,1,5,0.4424812030075188,0.23458646616541354,0.3229323308270677
2023-12-30,Luton,Chelsea,2,3,A,23-24,-1,7,0.4424812030075188,0.23458646616541354,0.3229323308270677
2023-12-30,Crystal Palace,Brentford,3,1,H,23-24,8,3,0.4424812030075188,0.23458646616541354,0.3229323308270677
2023-12-31,Fulham,Arsenal,2,1,H,23-24,10,0,0.4424812030075188,0.23458646616541354,0.3229323308270677
2023-12-31,Tottenham,Bournemouth,3,1,H,23-24,26,2,0.4424812030075188,0.23458646616541354,0.3229323308270677
2024-01-01,Liverpool,Newcastle,4,2,H,23-24,15,19,0.4424812030075188,0.23458646616541354,0.3229323308270677
2024-01-02,West Ham,Brighton,0,0,D,23-24,29,4,0.4424812030075188,0.23458646616541354,0.3229323308270677
2024-01-12,Burnley,Luton,1,1,D,23-24,5,-1,0.4424812030075188,0.23458646616541354,0.3229323308270677
2024-01-13,Chelsea,Fulham,1,0,H,23-24,7,10,0.4424812030075188,0.23458646616541354,0.3229323308270677
2024-01-13,Newcastle,Man City,2,3,A,23-24,19,16,0.4424812030075188,0.23458646616541354,0.3229323308270677
2024-01-14,Everton,Aston Villa,0,0,D,23-24,9,1,0.4424812030075188,0.23458646616541354,0.3229323308270677
2024-01-14,Man United,Tottenham,2,2,D,23-24,17,26,0.4424812030075188,0.23458646616541354,0.3229323308270677
2024-01-20,Arsenal,Crystal Palace,5,0,H,23-24,0,8,0.4424812030075188,0.23458646616541354,0.3229323308270677
2024-01-20,Brentford,Nott'm Forest,3,2,H,23-24,3,-1,0.4424812030075188,0.23458646616541354,0.3229323308270677
2024-01-21,Bournemouth,Liverpool,0,4,A,23-24,2,15,0.4424812030075188,0.23458646616541354,0.3229323308270677
2024-01-21,Sheffield Utd,West Ham,2,2,D,23-24,21,29,0.4424812030075188,0.23458646616541354,0.3229323308270677
2024-01-22,Brighton,Wolves,0,0,D,23-24,4,30,0.4424812030075188,0.23458646616541354,0.3229323308270677
2024-01-30,Nott'm Forest,Arsenal,1,2,A,23-24,-1,0,0.4424812030075188,0.23458646616541354,0.3229323308270677
2024-01-30,Fulham,Everton,0,0,D,23-24,10,9,0.4424812030075188,0.23458646616541354,0.3229323308270677
2024-01-30,Luton,Brighton,4,0,H,23-24,-1,4,0.4424812030075188,0.23458646616541354,0.3229323308270677
2024-01-30,Crystal Palace,Sheffield Utd,3,2,H,23-24,8,21,0.4424812030075188,0.23458646616541354,0.3229323308270677
2024-01-30,Aston Villa,Newcastle,1,3,A,23-24,1,19,0.4424812030075188,0.23458646616541354,0.3229323308270677
2024-01-31,Man City,Burnley,3,1,H,23-24,16,5,0.4424812030075188,0.23458646616541354,0.3229323308270677
2024-01-31,Tottenham,Brentford,3,2,H,23-24,26,3,0.4424812030075188,0.23458646616541354,0.3229323308270677
2024-01-31,Liverpool,Chelsea,4,1,H,23-24,15,7,0.4424812030075188,0.23458646616541354,0.3229323308270677
2024-02-01,West Ham,Bournemouth,1,1,D,23-24,29,2,0.4424812030075188,0.23458646616541354,0.3229323308270677
2024-02-01,Wolves,Man United,3,4,A,23-24,30,17,0.4424812030075188,0.23458646616541354,0.3229323308270677
2024-02-03,Sheffield Utd,Aston Villa,0,5,A,23-24,21,1,0.4424812030075188,0.23458646616541354,0.3229323308270677
2024-02-03,Burnley,Fulham,2,2,D,23-24,5,10,0.4424812030075188,0.23458646616541354,0.3229323308270677
2024-02-03,Newcastle,Luton,4,4,D,23-24,19,-1,0.4424812030075188,0.23458646616541354,0.3229323308270677
2024-02-03,Brighton,Crystal Palace,4,1,H,23-24,4,8,0.4424812030075188,0.23458646616541354,0.3229323308270677
2024-02-03,Everton,Tottenham,2,2,D,23-24,9,26,0.4424812030075188,0.23458646616541354,0.3229323308270677
2024-02-04,Bournemouth,Nott'm Forest,1,1,D,23-24,2,-1,0.4424812030075188,0.23458646616541354,0.3229323308270677
2024-02-04,Chelsea,Wolves,2,4,A,23-24,7,30,0.4424812030075188,0.23458646616541354,0.3229323308270677
2024-02-04,Man United,West Ham,3,0,H,23-24,17,29,0.4424812030075188,0.23458646616541354,0.3229323308270677
2024-02-04,Arsenal,Liverpool,3,1,H,23-24,0,15,0.4424812030075188,0.23458646616541354,0.3229323308270677
2024-02-05,Brentford,Man City,1,3,A,23-24,3,16,0.4424812030075188,0.23458646616541354,0.3229323308270677
2024-02-10,Nott'm Forest,Newcastle,2,3,A,23-24,-1,19,0.4424812030075188,0.23458646616541354,0.3229323308270677
2024-02-10,Tottenham,Brighton,2,1,H,23-24,26,4,0.4424812030075188,0.23458646616541354,0.3229323308270677
2024-02-10,Luton,Sheffield Utd,1,3,A,23-24,-1,21,0.4424812030075188,0.23458646616541354,0.3229323308270677
2024-02-10,Wolves,Brentford,0,2,A,23-24,30,3,0.4424812030075188,0.23458646616541354,0.3229323308270677
2024-02-10,Fulham,Bournemouth,3,1,H,23-24,10,2,0.4424812030075188,0.23458646616541354,0.3229323308270677
2024-02-10,Man City,Everton,2,0,H,23-24,16,9,0.4424812030075188,0.23458646616541354,0.3229323308270677
2024-02-10,Liverpool,Burnley,3,1,H,23-24,15,5,0.4424812030075188,0.23458646616541354,0.3229323308270677
2024-02-11,West Ham,Arsenal,0,6,A,23-24,29,0,0.4424812030075188,0.23458646616541354,0.3229323308270677
2024-02-11,Aston Villa,Man United,1,2,A,23-24,1,17,0.4424812030075188,0.23458646616541354,0.3229323308270677
2024-02-12,Crystal Palace,Chelsea,1,3,A,23-24,8,7,0.4424812030075188,0.23458646616541354,0.3229323308270677
2024-02-17,Brentford,Liverpool,1,4,A,23-24,3,15,0.4424812030075188,0.23458646616541354,0.3229323308270677
2024-02-17,Burnley,Arsenal,0,5,A,23-24,5,0,0.4424812030075188,0.23458646616541354,0.3229323308270677
2024-02-17,Fulham,Aston Villa,1,2,A,23-24,10,1,0.4424812030075188,0.23458646616541354,0.3229323308270677
2024-02-17,Newcastle,Bournemouth,2,2,D,23-24,19,2,0.4424812030075188,0.23458646616541354,0.3229323308270677
2024-02-17,Nott'm Forest,West Ham,2,0,H,23-24,-1,29,0.4424812030075188,0.23458646616541354,0.3229323308270677
2024-02-17,Tottenham,Wolves,1,2,A,23-24,26,30,0.4424812030075188,0.23458646616541354,0.3229323308270677
2024-02-17,Man City,Chelsea,1,1,D,23-24,16,7,0.4424812030075188,0.23458646616541354,0.3229323308270677
2024-02-18,Sheffield Utd,Brighton,0,5,A,23-24,21,4,0.4424812030075188,0.23458646616541354,0.3229323308270677
2024-02-18,Luton,Man United,1,2,A,23-24,-1,17,0.4424812030075188,0.23458646616541354,0.3229323308270677
2024-02-19,Everton,Crystal Palace,1,1,D,23-24,9,8,0.4424812030075188,0.23458646616541354,0.3229323308270677
2024-02-20,Man City,Brentford,1,0,H,23-24,16,3,0.4424812030075188,0.23458646616541354,0.3229323308270677
2024-02-21,Liverpool,Luton,4,1,H,23-24,15,-1,0.4424812030075188,0.23458646616541354,0.3229323308270677
2024-02-24,Aston Villa,Nott'm Forest,4,2,H,23-24,1,-1,0.4424812030075188,0.23458646616541354,0.3229323308270677
2024-02-24,Brighton,Everton,1,1,D,23-24,4,9,0.4424812030075188,0.23458646616541354,0.3229323308270677
2024-02-24,Crystal Palace,Burnley,3,0,H,23-24,8,5,0.4424812030075188,0.23458646616541354,0.3229323308270677
2024-02-24,Man United,Fulham,1,2,A,23-24,17,10,0.4424812030075188,0.23458646616541354,0.3229323308270677
2024-02-24,Bournemouth,Man City,0,1,A,23-24,2,16,0.4424812030075188,0.23458646616541354,0.3229323308270677
2024-02-24,Arsenal,Newcastle,4,1,H,23-24,0,19,0.4424812030075188,0.23458646616541354,0.3229323308270677
2024-02-25,Wolves,Sheffield Utd,1,0,H,23-24,30,21,0.4424812030075188,0.23458646616541354,0.3229323308270677
2024-02-26,West Ham,Brentford,4,2,H,23-24,29,3,0.4424812030075188,0.23458646616541354,0.3229323308270677
2024-03-02,Luton,Aston Villa,2,3,A,23-24,-1,1,0.4424812030075188,0.23458646616541354,0.3229323308270677
2024-03-02,Tottenham,Crystal Palace,3,1,H,23-24,26,8,0.4424812030075188,0.23458646616541354,0.3229323308270677
2024-03-02,Nott'm Forest,Liverpool,0,1,A,23-24,-1,15,0.4424812030075188,0.23458646616541354,0.3229323308270677
2024-03-02,Fulham,Brighton,3,0,H,23-24,10,4,0.4424812030075188,0.23458646616541354,0.3229323308270677
2024-03-02,Everton,West Ham,1,3,A,23-24,9,29,0.4424812030075188,0.23458646616541354,0.3229323308270677
2024-03-02,Brentford,Chelsea,2,2,D,23-24,3,7,0.4424812030075188,0.23458646616541354,0.3229323308270677
2024-03-02,Newcastle,Wolves,3,0,H,23-24,19,30,0.4424812030075188,0.23458646616541354,0.3229323308270677
2024-03-03,Burnley,Bournemouth,0,2,A,23-24,5,2,0.4424812030075188,0.23458646616541354,0.3229323308270677
2024-03-03,Man City,Man United,3,1,H,23-24,16,17,0.4424812030075188,0.23458646616541354,0.3229323308270677
2024-03-04,Sheffield Utd,Arsenal,0,6,A,23-24,21,0,0.4424812030075188,0.23458646616541354,0.3229323308270677
2024-03-09,Wolves,Fulham,2,1,H,23-24,30,10,0.4424812030075188,0.23458646616541354,0.3229323308270677
2024-03-09,Man United,Everton,2,0,H,23-24,17,9,0.4424812030075188,0.23458646616541354,0.3229323308270677
2024-03-09,Bournemouth,Sheffield Utd,2,2,D,23-24,2,21,0.4424812030075188,0.23458646616541354,0.3229323308270677
2024-03-09,Crystal Palace,Luton,1,1,D,23-24,8,-1,0.4424812030075188,0.23458646616541354,0.3229323308270677
2024-03-09,Arsenal,Brentford,2,1,H,23-24,0,3,0.4424812030075188,0.23458646616541354,0.3229323308270677
2024-03-10,Liverpool,Man City,1,1,D,23-24,15,16,0.4424812030075188,0.23458646616541354,0.3229323308270677
2024-03-10,West Ham,Burnley,2,2,D,23-24,29,5,0.4424812030075188,0.23458646616541354,0.3229323308270677
2024-03-10,Aston Villa,Tottenham,0,4,A,23-24,1,26,0.4424812030075188,0.23458646616541354,0.3229323308270677
2024-03-10,Brighton,Nott'm Forest,1,0,H,23-24,4,-1,0.4424812030075188,0.23458646616541354,0.3229323308270677
2024-03-11,Chelsea,Newcastle,3,2,H,23-24,7,19,0.4424812030075188,0.23458646616541354,0.3229323308270677
2024-03-13,Bournemouth,Luton,4,3,H,23-24,2,-1,0.4424812030075188,0.23458646616541354,0.3229323308270677
2024-03-16,Burnley,Brentford,2,1,H,23-24,5,3,0.4424812030075188,0.23458646616541354,0.3229323308270677
2024-03-16,Luton,Nott'm Forest,1,1,D,23-24,-1,-1,0.4424812030075188,0.23458646616541354,0.3229323308270677
2024-03-16,Fulham,Tottenham,3,0,H,23-24,10,26,0.4424812030075188,0.23458646616541354,0.3229323308270677
2024-03-17,West Ham,Aston Villa,1,1,D,23-24,29,1,0.4424812030075188,0.23458646616541354,0.3229323308270677
2024-03-30,Brentford,Man United,1,1,D,23-24,3,17,0.4424812030075188,0.23458646616541354,0.3229323308270677
2024-03-30,Aston Villa,Wolves,2,0,H,23-24,1,30,0.4424812030075188,0.23458646616541354,0.3229323308270677
2024-03-30,Sheffield Utd,Fulham,3,3,D,23-24,21,10,0.4424812030075188,0.23458646616541354,0.3229323308270677
2024-03-30,Tottenham,Luton,2,1,H,23-24,26,-1,0.4424812030075188,0.23458646616541354,0.3229323308270677
2024-03-30,Chelsea,Burnley,2,2,D,23-24,7,5,0.4424812030075188,0.23458646616541354,0.3229323308270677
2024-03-30,Bournemouth,Everton,2,1,H,23-24,2,9,0.4424812030075188,0.23458646616541354,0.3229323308270677
2024-03-30,Newcastle,West Ham,4,3,H,23-24,19,29,0.4424812030075188,0.23458646616541354,0.3229323308270677
2024-03-30,Nott'm Forest,Crystal Palace,1,1,D,23-24,-1,8,0.4424812030075188,0.23458646616541354,0.3229323308270677
2024-03-31,Liverpool,Brighton,2,1,H,23-24,15,4,0.4424812030075188,0.23458646616541354,0.3229323308270677
2024-03-31,Man City,Arsenal,0,0,D,23-24,16,0,0.4424812030075188,0.23458646616541354,0.3229323308270677
2024-04-02,Newcastle,Everton,1,1,D,23-24,19,9,0.4424812030075188,0.23458646616541354,0.3229323308270677
2024-04-02,Nott'm Forest,Fulham,3,1,H,23-24,-1,10,0.4424812030075188,0.23458646616541354,0.3229323308270677
2024-04-02,Bournemouth,Crystal Palace,1,0,H,23-24,2,8,0.4424812030075188,0.23458646616541354,0.3229323308270677
2024-04-02,Burnley,Wolves,1,1,D,23-24,5,30,0.4424812030075188,0.23458646616541354,0.3229323308270677
2024-04-02,West Ham,Tottenham,1,1,D,23-24,29,26,0.4424812030075188,0.23458646616541354,0.3229323308270677
2024-04-03,Man City,Aston Villa,4,1,H,23-24,16,1,0.4424812030075188,0.23458646616541354,0.3229323308270677
2024-04-03,Arsenal,Luton,2,0,H,23-24,0,-1,0.4424812030075188,0.23458646616541354,0.3229323308270677
2024-04-03,Brentford,Brighton,0,0,D,23-24,3,4,0.4424812030075188,0.23458646616541354,0.3229323308270677
2024-04-04,Chelsea,Man United,4,3,H,23-24,7,17,0.4424812030075188,0.23458646616541354,0.3229323308270677
2024-04-04,Liverpool,Sheffield Utd,3,1,H,23-24,15,21,0.4424812030075188,0.23458646616541354,0.3229323308270677
2024-04-06,Crystal Palace,Man City,2,4,A,23-24,8,16,0.4424812030075188,0.23458646616541354,0.3229323308270677
2024-04-06,Aston Villa,Brentford,3,3,D,23-24,1,3,0.4424812030075188,0.23458646616541354,0.3229323308270677
2024-04-06,Everton,Burnley,1,0,H,23-24,9,5,0.4424812030075188,0.23458646616541354,0.3229323308270677
2024-04-06,Fulham,Newcastle,0,1,A,23-24,10,19,0.4424812030075188,0.23458646616541354,0.3229323308270677
2024-04-06,Luton,Bournemouth,2,1,H,23-24,-1,2,0.4424812030075188,0.23458646616541354,0.3229323308270677
2024-04-06,Wolves,West Ham,1,2,A,23-24,30,29,0.4424812030075188,0.23458646616541354,0.3229323308270677
2024-04-06,Brighton,Arsenal,0,3,A,23-24,4,0,0.4424812030075188,0.23458646616541354,0.3229323308270677
2024-04-07,Man United,Liverpool,2,2,D,23-24,17,15,0.4424812030075188,0.23458646616541354,0.3229323308270677
2024-04-07,Sheffield Utd,Chelsea,2,2,D,23-24,21,7,0.4424812030075188,0.23458646616541354,0.3229323308270677
2024-04-07,Tottenham,Nott'm Forest,3,1,H,23-24,26,-1,0.4424812030075188,0.23458646616541354,0.3229323308270677
2024-04-13,Bournemouth,Man United,2,2,D,23-24,2,17,0.4424812030075188,0.23458646616541354,0.3229323308270677
2024-04-13,Nott'm Forest,Wolves,2,2,D,23-24,-1,30,0.4424812030075188,0.23458646616541354,0.3229323308270677
2024-04-13,Man City,Luton,5,1,H,23-24,16,-1,0.4424812030075188,0.23458646616541354,0.3229323308270677
2024-04-13,Burnley,Brighton,1,1,D,23-24,5,4,0.4424812030075188,0.23458646616541354,0.3229323308270677
2024-04-13,Brentford,Sheffield Utd,2,0,H,23-24,3,21,0.4424812030075188,0.23458646616541354,0.3229323308270677
2024-04-13,Newcastle,Tottenham,4,0,H,23-24,19,26,0.4424812030075188,0.23458646616541354,0.3229323308270677
2024-04-14,Liverpool,Crystal Palace,0,1,A,23-24,15,8,0.4424812030075188,0.23458646616541354,0.3229323308270677
2024-04-14,West Ham,Fulham,0,2,A,23-24,29,10,0.4424812030075188,0.23458646616541354,0.3229323308270677
2024-04-14,Arsenal,Aston Villa,0,2,A,23-24,0,1,0.4424812030075188,0.23458646616541354,0.3229323308270677
2024-04-15,Chelsea,Everton,6,0,H,23-24,7,9,0.4424812030075188,0.23458646616541354,0.3229323308270677
2024-04-20,Luton,Brentford,1,5,A,23-24,-1,3,0.4424812030075188,0.23458646616541354,0.3229323308270677
2024-04-20,Wolves,Arsenal,0,2,A,23-24,30,0,0.4424812030075188,0.23458646616541354,0.3229323308270677
2024-04-20,Sheffield Utd,Burnley,1,4,A,23-24,21,5,0.4424812030075188,0.23458646616541354,0.3229323308270677
2024-04-21,Fulham,Liverpool,1,3,A,23-24,10,15,0.4424812030075188,0.23458646616541354,0.3229323308270677
2024-04-21,Crystal Palace,West Ham,5,2,H,23-24,8,29,0.4424812030075188,0.23458646616541354,0.3229323308270677
2024-04-21,Aston Villa,Bournemouth,3,1,H,23-24,1,2,0.4424812030075188,0.23458646616541354,0.3229323308270677
2024-04-21,Everton,Nott'm Forest,2,0,H,23-24,9,-1,0.4424812030075188,0.23458646616541354,0.3229323308270677
2024-04-23,Arsenal,Chelsea,5,0,H,23-24,0,7,0.4424812030075188,0.23458646616541354,0.3229323308270677
2024-04-24,Wolves,Bournemouth,0,1,A,23-24,30,2,0.4424812030075188,0.23458646616541354,0.3229323308270677
2024-04-24,Crystal Palace,Newcastle,2,0,H,23-24,8,19,0.4424812030075188,0.23458646616541354,0.3229323308270677
2024-04-24,Everton,Liverpool,2,0,H,23-24,9,15,0.4424812030075188,0.23458646616541354,0.3229323308270677
2024-04-24,Man United,Sheffield Utd,4,2,H,23-24,17,21,0.4424812030075188,0.23458646616541354,0.3229323308270677
2024-04-25,Brighton,Man City,0,4,A,23-24,4,16,0.4424812030075188,0.23458646616541354,0.3229323308270677
2024-04-27,Aston Villa,Chelsea,2,2,D,23-24,1,7,0.4424812030075188,0.23458646616541354,0.3229323308270677
2024-04-27,Everton,Brentford,1,0,H,23-24,9,3,0.4424812030075188,0.23458646616541354,0.3229323308270677
2024-04-27,Wolves,Luton,2,1,H,23-24,30,-1,0.4424812030075188,0.23458646616541354,0.3229323308270677
2024-04-27,Newcastle,Sheffield Utd,5,1,H,23-24,19,21,0.4424812030075188,0.23458646616541354,0.3229323308270677
2024-04-27,Man United,Burnley,1,1,D,23-24,17,5,0.4424812030075188,0.23458646616541354,0.3229323308270677
2024-04-27,Fulham,Crystal Palace,1,1,D,23-24,10,8,0.4424812030075188,0.23458646616541354,0.3229323308270677
2024-04-27,West Ham,Liverpool,2,2,D,23-24,29,15,0.4424812030075188,0.23458646616541354,0.3229323308270677
2024-04-28,Bournemouth,Brighton,3,0,H,23-24,2,4,0.4424812030075188,0.23458646616541354,0.3229323308270677
2024-04-28,Tottenham,Arsenal,2,3,A,23-24,26,0,0.4424812030075188,0.23458646616541354,0.3229323308270677
2024-04-28,Nott'm Forest,Man City,0,2,A,23-24,-1,16,0.4424812030075188,0.23458646616541354,0.3229323308270677
2024-05-02,Chelsea,Tottenham,2,0,H,23-24,7,26,0.4424812030075188,0.23458646616541354,0.3229323308270677
2024-05-03,Luton,Everton,1,1,D,23-24,-1,9,0.4424812030075188,0.23458646616541354,0.3229323308270677
2024-05-04,Man City,Wolves,5,1,H,23-24,16,30,0.4424812030075188,0.23458646616541354,0.3229323308270677
2024-05-04,Sheffield Utd,Nott'm Forest,1,3,A,23-24,21,-1,0.4424812030075188,0.23458646616541354,0.3229323308270677
2024-05-04,Brentford,Fulham,0,0,D,23-24,3,10,0.4424812030075188,0.23458646616541354,0.3229323308270677
2024-05-04,Arsenal,Bournemouth,3,0,H,23-24,0,2,0.4424812030075188,0.23458646616541354,0.3229323308270677
2024-05-04,Burnley,Newcastle,1,4,A,23-24,5,19,0.4424812030075188,0.23458646616541354,0.3229323308270677
2024-05-05,Brighton,Aston Villa,1,0,H,23-24,4,1,0.4424812030075188,0.23458646616541354,0.3229323308270677
2024-05-05,Chelsea,West Ham,5,0,H,23-24,7,29,0.4424812030075188,0.23458646616541354,0.3229323308270677
2024-05-05,Liverpool,Tottenham,4,2,H,23-24,15,26,0.4424812030075188,0.23458646616541354,0.3229323308270677
2024-05-06,Crystal Palace,Man United,4,0,H,23-24,8,17,0.4424812030075188,0.23458646616541354,0.3229323308270677
2024-05-11,Newcastle,Brighton,1,1,D,23-24,19,4,0.4424812030075188,0.23458646616541354,0.3229323308270677
2024-05-11,Nott'm Forest,Chelsea,2,3,A,23-24,-1,7,0.4424812030075188,0.23458646616541354,0.3229323308270677
2024-05-11,Wolves,Crystal Palace,1,3,A,23-24,30,8,0.4424812030075188,0.23458646616541354,0.3229323308270677
2024-05-11,West Ham,Luton,3,1,H,23-24,29,-1,0.4424812030075188,0.23458646616541354,0.3229323308270677
2024-05-11,Everton,Sheffield Utd,1,0,H,23-24,9,21,0.4424812030075188,0.23458646616541354,0.3229323308270677
2024-05-11,Bournemouth,Brentford,1,2,A,23-24,2,3,0.4424812030075188,0.23458646616541354,0.3229323308270677
2024-05-11,Fulham,Man City,0,4,A,23-24,10,16,0.4424812030075188,0.23458646616541354,0.3229323308270677
2024-05-11,Tottenham,Burnley,2,1,H,23-24,26,5,0.4424812030075188,0.23458646616541354,0.3229323308270677
2024-05-12,Man United,Arsenal,0,1,A,23-24,17,0,0.4424812030075188,0.23458646616541354,0.3229323308270677
2024-05-13,Aston Villa,Liverpool,3,3,D,23-24,1,15,0.4424812030075188,0.23458646616541354,0.3229323308270677
2024-05-14,Tottenham,Man City,0,2,A,23-24,26,16,0.4424812030075188,0.23458646616541354,0.3229323308270677
2024-05-15,Man United,Newcastle,3,2,H,23-24,17,19,0.4424812030075188,0.23458646616541354,0.3229323308270677
2024-05-15,Brighton,Chelsea,1,2,A,23-24,4,7,0.4424812030075188,0.23458646616541354,0.3229323308270677
2024-05-19,Liverpool,Wolves,2,0,H,23-24,15,30,0.4424812030075188,0.23458646616541354,0.3229323308270677
2024-05-19,Crystal Palace,Aston Villa,5,0,H,23-24,8,1,0.4424812030075188,0.23458646616541354,0.3229323308270677
2024-05-19,Luton,Fulham,2,4,A,23-24,-1,10,0.4424812030075188,0.23458646616541354,0.3229323308270677
2024-05-19,Chelsea,Bournemouth,2,1,H,23-24,7,2,0.4424812030075188,0.23458646616541354,0.3229323308270677
2024-05-19,Man City,West Ham,3,1,H,23-24,16,29,0.4424812030075188,0.23458646616541354,0.3229323308270677
2024-05-19,Brighton,Man United,0,2,A,23-24,4,17,0.4424812030075188,0.23458646616541354,0.3229323308270677
2024-05-19,Brentford,Newcastle,2,4,A,23-24,3,19,0.4424812030075188,0.23458646616541354,0.3229323308270677
2024-05-19,Arsenal,Everton,2,1,H,23-24,0,9,0.4424812030075188,0.23458646616541354,0.3229323308270677
2024-05-19,Burnley,Nott'm Forest,1,2,A,23-24,5,-1,0.4424812030075188,0.23458646616541354,0.3229323308270677
2024-05-19,Sheffield Utd,Tottenham,0,3,A,23-24,21,26,0.4424812030075188,0.23458646616541354,0.3229323308270677
