Season,Date,HomeTeamID,AwayTeamID,HomeTeam,AwayTeam,HomeGoals,AwayGoals,Result,ProbHomeWin,ProbDraw,ProbAwayWin
24-25,2024-08-16,18,10,Man United,Fulham,1,0,H,0.650797098236325,0.20626076335372542,0.14294213840994957
24-25,2024-08-17,31,1,West Ham,Aston Villa,1,2,A,0.38299777975381954,0.2555352799216162,0.3614669403245643
24-25,2024-08-17,22,2,Nott'm Forest,Bournemouth,1,1,D,0.5130608085476442,0.22808123234531716,0.2588579591070386
24-25,2024-08-17,20,24,Newcastle,Southampton,1,0,H,0.542095334214947,0.23603825106548484,0.22186641471956806
24-25,2024-08-17,9,4,Everton,Brighton,0,3,A,0.4440243119866027,0.2744528452797311,0.2815228427336662
24-25,2024-08-17,-1,15,Ipswich,Liverpool,0,2,A,0.2268641708042617,0.22298783024388968,0.5501479989518486
24-25,2024-08-17,0,32,Arsenal,Wolves,2,0,H,0.657624805425613,0.20392101151630343,0.1384541830580836
24-25,2024-08-18,3,8,Brentford,Crystal Palace,2,1,H,0.47017096510531514,0.25081435682902425,0.27901467806566066
24-25,2024-08-18,7,17,Chelsea,Man City,0,2,A,0.23254443036271488,0.2452462183034957,0.5222093513337894
24-25,2024-08-19,14,28,Leicester,Tottenham,1,1,D,0.3088909093041843,0.2375158611462258,0.45359322954958997
24-25,2024-08-24,1,0,Aston Villa,Arsenal,0,2,A,0.3033552308940641,0.2294596210010405,0.4671851481048954
24-25,2024-08-24,28,9,Tottenham,Everton,4,0,H,0.676026667877156,0.19444966705364264,0.12952366506920138
24-25,2024-08-24,24,22,Southampton,Nott'm Forest,0,1,A,0.5059459508899974,0.250990120381547,0.24306392872845567
24-25,2024-08-24,8,31,Crystal Palace,West Ham,0,2,A,0.3941648483882793,0.2607745582718889,0.34506059333983186
24-25,2024-08-24,10,14,Fulham,Leicester,2,1,H,0.28324483274303397,0.23072784447591613,0.48602732278104993
24-25,2024-08-24,4,18,Brighton,Man United,2,1,H,0.26879229217953843,0.257431120945603,0.4737765868748586
24-25,2024-08-24,17,-1,Man City,Ipswich,4,1,H,0.7870117550614352,0.13325271824571752,0.07973552669284735
24-25,2024-08-25,2,20,Bournemouth,Newcastle,1,1,D,0.38017686378113297,0.2501926913272213,0.36963044489164576
24-25,2024-08-25,32,7,Wolves,Chelsea,2,6,A,0.2520886429819947,0.25547830029685614,0.4924330567211492
24-25,2024-08-25,15,3,Liverpool,Brentford,2,0,H,0.7526778401003215,0.15181340129125717,0.09550875860842142
24-25,2024-08-31,0,4,Arsenal,Brighton,1,1,D,0.6531932224676356,0.1987635252819297,0.14804325225043463
24-25,2024-08-31,3,24,Brentford,Southampton,3,1,H,0.5219348940389017,0.23719679110657957,0.2408683148545187
24-25,2024-08-31,9,2,Everton,Bournemouth,2,3,A,0.558260273209416,0.22943447497662212,0.21230525181396195
24-25,2024-08-31,-1,10,Ipswich,Fulham,1,1,D,0.5372349463491802,0.2380371216698007,0.22472793198101915
24-25,2024-08-31,14,1,Leicester,Aston Villa,1,2,A,0.4359285082386611,0.25992494740923794,0.3041465443521011
24-25,2024-08-31,22,32,Nott'm Forest,Wolves,1,1,D,0.4128744577599665,0.27429216509909177,0.3128333771409418
24-25,2024-08-31,31,17,West Ham,Man City,1,3,A,0.10303867348216644,0.16151344956934227,0.7354478769484912
24-25,2024-09-01,18,15,Man United,Liverpool,0,3,A,0.33605895012019404,0.2513922920226835,0.4125487578571225
24-25,2024-09-01,20,28,Newcastle,Tottenham,2,1,H,0.31154641100146546,0.2415083495871257,0.4469452394114089
24-25,2024-09-01,7,8,Chelsea,Crystal Palace,1,1,D,0.6297600949493664,0.21183624516044908,0.15840365989018465
24-25,2024-09-14,24,18,Southampton,Man United,0,3,A,0.2107673522314585,0.23724166605931019,0.5519909817092313
24-25,2024-09-14,4,-1,Brighton,Ipswich,0,0,D,0.36411332662694773,0.26471133372079414,0.37117533965225813
24-25,2024-09-14,8,14,Crystal Palace,Leicester,2,2,D,0.3490239386908281,0.2498663653558047,0.4011096959533672
24-25,2024-09-14,10,31,Fulham,West Ham,1,1,D,0.32983251222541277,0.24758819873738047,0.42257928903720676
24-25,2024-09-14,15,22,Liverpool,Nott'm Forest,0,1,A,0.8905772478577622,0.078876370175528,0.030546381966709838
24-25,2024-09-14,17,3,Man City,Brentford,2,1,H,0.7985707808406786,0.12496601471053687,0.07646320444878453
24-25,2024-09-14,1,9,Aston Villa,Everton,3,2,H,0.5203071708606855,0.2341661357727505,0.24552669336656394
24-25,2024-09-14,2,7,Bournemouth,Chelsea,0,1,A,0.23526576930843524,0.22564130003925967,0.5390929306523051
24-25,2024-09-15,28,0,Tottenham,Arsenal,0,1,A,0.47492176118783413,0.2409360996929525,0.28414213911921343
24-25,2024-09-15,32,20,Wolves,Newcastle,1,2,A,0.38759524753043884,0.2741190351152071,0.33828571735435403
24-25,2024-09-21,28,3,Tottenham,Brentford,3,1,H,0.6225315106704891,0.2021476791217127,0.17532081020779824
24-25,2024-09-21,8,18,Crystal Palace,Man United,0,0,D,0.2699602258757846,0.261172092956418,0.46886768116779737
24-25,2024-09-21,24,-1,Southampton,Ipswich,1,1,D,0.2968768036415,0.25677580881997497,0.44634738753852515
24-25,2024-09-21,15,2,Liverpool,Bournemouth,3,0,H,0.8516655209423745,0.0995322407742328,0.04880223828339271
24-25,2024-09-21,14,9,Leicester,Everton,1,1,D,0.5195700349473954,0.24851209845464628,0.23191786659795832
24-25,2024-09-21,10,20,Fulham,Newcastle,3,1,H,0.32465453407493794,0.2559180793855649,0.41942738653949724
24-25,2024-09-21,1,32,Aston Villa,Wolves,3,1,H,0.479192601343726,0.2525324900223564,0.2682749086339176
24-25,2024-09-21,31,7,West Ham,Chelsea,0,3,A,0.2642552258041547,0.23191365181954846,0.5038311223762968
24-25,2024-09-22,4,22,Brighton,Nott'm Forest,2,2,D,0.5774681458941485,0.23382689852555882,0.18870495558029257
24-25,2024-09-22,17,0,Man City,Arsenal,2,2,D,0.6677740010349837,0.18328020768841063,0.1489457912766056
24-25,2024-09-28,20,17,Newcastle,Man City,1,1,D,0.13941021963687814,0.20015519189157444,0.6604345884715475
24-25,2024-09-28,0,14,Arsenal,Leicester,4,2,H,0.6328249082784003,0.18758820148017843,0.1795868902414213
24-25,2024-09-28,3,31,Brentford,West Ham,1,1,D,0.4590898534960971,0.24212288769619214,0.29878725880771073
24-25,2024-09-28,7,4,Chelsea,Brighton,4,2,H,0.6054922696077883,0.22636720198180638,0.16814052841040528
24-25,2024-09-28,9,8,Everton,Crystal Palace,2,1,H,0.46439723793832793,0.2629420320931448,0.2726607299685272
24-25,2024-09-28,22,10,Nott'm Forest,Fulham,0,1,A,0.469654617384834,0.25092258624507735,0.27942279637008866
24-25,2024-09-28,32,15,Wolves,Liverpool,1,2,A,0.18122687723083425,0.22495350256693025,0.5938196202022356
24-25,2024-09-29,18,28,Man United,Tottenham,0,3,A,0.4259986499821408,0.2443908696450203,0.32961048037283897
24-25,2024-09-29,-1,1,Ipswich,Aston Villa,2,2,D,0.4320239717543153,0.25761405356837597,0.31036197467730875
24-25,2024-09-30,2,24,Bournemouth,Southampton,3,1,H,0.4515720351760414,0.24432192228010058,0.30410604254385804
24-25,2024-10-05,8,15,Crystal Palace,Liverpool,0,1,A,0.17797352449503012,0.219102840640519,0.6029236348644509
24-25,2024-10-05,0,24,Arsenal,Southampton,3,1,H,0.7278639433703104,0.16139406432475373,0.11074199230493598
24-25,2024-10-05,3,32,Brentford,Wolves,5,3,H,0.46017715402748544,0.2712208137792216,0.268602032193293
24-25,2024-10-05,14,2,Leicester,Bournemouth,1,0,H,0.5876028685836111,0.21309208412048924,0.19930504729589957
24-25,2024-10-05,17,10,Man City,Fulham,3,2,H,0.8492832066795009,0.10219735548112663,0.04851943783937253
24-25,2024-10-05,31,-1,West Ham,Ipswich,4,1,H,0.3913453957690748,0.2465857764608315,0.3620688277700937
24-25,2024-10-05,9,20,Everton,Newcastle,0,0,D,0.44493456510963886,0.26300477852232207,0.2920606563680392
24-25,2024-10-06,1,18,Aston Villa,Man United,0,0,D,0.32888672218612414,0.23839423426528916,0.4327190435485866
24-25,2024-10-06,7,22,Chelsea,Nott'm Forest,1,1,D,0.7851490147331677,0.14142258131477622,0.07342840395205623
24-25,2024-10-06,4,28,Brighton,Tottenham,3,2,H,0.23970604162702872,0.23312694813956777,0.5271670102334035
24-25,2024-10-19,24,14,Southampton,Leicester,2,3,A,0.2781321397537229,0.23570196361134313,0.4861658966349339
24-25,2024-10-19,2,0,Bournemouth,Arsenal,2,0,H,0.23438275988407978,0.22440673971211475,0.5412105004038055
24-25,2024-10-19,20,4,Newcastle,Brighton,0,1,A,0.46935935638725124,0.26295997118791514,0.2676806724248337
24-25,2024-10-19,18,3,Man United,Brentford,2,1,H,0.5737109303137181,0.22179542144469205,0.2044936482415899
24-25,2024-10-19,-1,9,Ipswich,Everton,0,2,A,0.516497559302692,0.24681426169660275,0.2366881790007052
24-25,2024-10-19,10,1,Fulham,Aston Villa,1,3,A,0.2973898989340244,0.26010636977587787,0.4425037312900976
24-25,2024-10-19,28,31,Tottenham,West Ham,4,1,H,0.6479323632136457,0.1941567620384077,0.15791087474794657
24-25,2024-10-20,32,17,Wolves,Man City,1,2,A,0.10512740190182088,0.18611586777117478,0.7087567303270044
24-25,2024-10-20,15,7,Liverpool,Chelsea,2,1,H,0.6174707205006505,0.20915004617568264,0.17337923332366684
24-25,2024-10-21,22,8,Nott'm Forest,Crystal Palace,1,0,H,0.41910529511830047,0.253917334888639,0.3269773699930605
24-25,2024-10-25,14,22,Leicester,Nott'm Forest,1,3,A,0.6658196566859795,0.19538459444048897,0.13879574887353152
24-25,2024-10-26,1,2,Aston Villa,Bournemouth,1,1,D,0.5891310568803847,0.20123746038344847,0.20963148273616686
24-25,2024-10-26,3,-1,Brentford,Ipswich,4,3,H,0.42595092188972794,0.2514879829909151,0.322561095119357
24-25,2024-10-26,4,32,Brighton,Wolves,2,2,D,0.3988775440793722,0.2906623809886347,0.3104600749319931
24-25,2024-10-26,17,24,Man City,Southampton,1,0,H,0.8552762025191577,0.0969857911605553,0.04773800632028702
24-25,2024-10-26,9,10,Everton,Fulham,1,1,D,0.5123060920358988,0.25606866965926406,0.23162523830483708
24-25,2024-10-27,0,15,Arsenal,Liverpool,2,2,D,0.3955238040416965,0.23744851298681743,0.36702768297148597
24-25,2024-10-27,31,18,West Ham,Man United,2,1,H,0.28727632407207143,0.24185940596395628,0.4708642699639724
24-25,2024-10-27,7,20,Chelsea,Newcastle,2,1,H,0.6116152116847737,0.21629347616405595,0.1720913121511703
24-25,2024-10-27,8,28,Crystal Palace,Tottenham,1,0,H,0.24137404763730072,0.2368060194790615,0.5218199328836378
24-25,2024-11-02,20,0,Newcastle,Arsenal,1,0,H,0.3179530647210213,0.25180180082979914,0.4302451344491796
24-25,2024-11-02,2,17,Bournemouth,Man City,2,1,H,0.08803014653597516,0.14892535505905144,0.7630444984049733
24-25,2024-11-02,-1,14,Ipswich,Leicester,1,1,D,0.42804305762572964,0.23404958018721464,0.3379073621870557
24-25,2024-11-02,15,4,Liverpool,Brighton,2,1,H,0.7492944172248592,0.16239873707197197,0.08830684570316878
24-25,2024-11-02,22,31,Nott'm Forest,West Ham,3,0,H,0.40593852104413347,0.24387688602412913,0.3501845929317374
24-25,2024-11-02,24,9,Southampton,Everton,1,0,H,0.3668031008889299,0.2758001158968575,0.3573967832142126
24-25,2024-11-02,32,8,Wolves,Crystal Palace,2,2,D,0.40652698894210787,0.27608647308444534,0.31738653797344674
24-25,2024-11-03,28,1,Tottenham,Aston Villa,4,1,H,0.596753075956172,0.22169354938956073,0.18155337465426719
24-25,2024-11-03,18,7,Man United,Chelsea,1,1,D,0.42962215386758357,0.25374519752301683,0.3166326486093996
24-25,2024-11-04,10,3,Fulham,Brentford,2,1,H,0.3054589220045129,0.24374801204584767,0.4507930659496394
24-25,2024-11-09,4,17,Brighton,Man City,2,1,H,0.10035273370886749,0.17482492845744385,0.7248223378336887
24-25,2024-11-09,15,1,Liverpool,Aston Villa,2,0,H,0.7241716520766515,0.1726582782753358,0.10317006964801265
24-25,2024-11-09,31,9,West Ham,Everton,0,0,D,0.4680740045843182,0.25164415646824057,0.2802818389474412
24-25,2024-11-09,8,10,Crystal Palace,Fulham,0,2,A,0.4529238706033679,0.26965030136502044,0.2774258280316116
24-25,2024-11-09,32,24,Wolves,Southampton,2,0,H,0.45405723948049553,0.2660237308535412,0.2799190296659633
24-25,2024-11-09,3,2,Brentford,Bournemouth,3,2,H,0.5666544548368745,0.21827706509697783,0.21506848006614773
24-25,2024-11-10,18,14,Man United,Leicester,3,0,H,0.5574300220362257,0.21913141867187483,0.22343855929189946
24-25,2024-11-10,22,20,Nott'm Forest,Newcastle,1,3,A,0.39831281742898084,0.2522824851953011,0.34940469737571805
24-25,2024-11-10,28,-1,Tottenham,Ipswich,1,2,A,0.61178879531987,0.21056199217038363,0.17764921250974636
24-25,2024-11-10,7,0,Chelsea,Arsenal,1,1,D,0.45500033925418165,0.249299812617826,0.2956998481279924
24-25,2024-11-23,10,32,Fulham,Wolves,1,4,A,0.34255580788506074,0.2822368470767918,0.37520734503814746
24-25,2024-11-23,9,3,Everton,Brentford,0,0,D,0.4289885083527664,0.25547320549212116,0.3155382861551123
24-25,2024-11-23,2,4,Bournemouth,Brighton,1,2,A,0.3830867157349532,0.26148390656514003,0.3554293776999068
24-25,2024-11-23,17,28,Man City,Tottenham,0,4,A,0.6704828996407276,0.1772022839292449,0.15231481643002753
24-25,2024-11-23,0,22,Arsenal,Nott'm Forest,3,0,H,0.8280171427786628,0.11334693507003794,0.05863592215129927
24-25,2024-11-23,14,7,Leicester,Chelsea,1,2,A,0.31629065271343176,0.24879439511389778,0.43491495217267045
24-25,2024-11-23,1,8,Aston Villa,Crystal Palace,2,2,D,0.48847515717728934,0.23384434256272305,0.27768050025998764
24-25,2024-11-24,24,15,Southampton,Liverpool,2,3,A,0.12937219325301644,0.1842986972644264,0.6863291094825571
24-25,2024-11-24,-1,18,Ipswich,Man United,1,1,D,0.33461649775334895,0.25299038892371745,0.4123931133229337
24-25,2024-11-25,20,31,Newcastle,West Ham,0,2,A,0.480805122955298,0.24292273234065534,0.2762721447040466
24-25,2024-11-29,4,24,Brighton,Southampton,1,1,D,0.45429573986264477,0.2591668537128783,0.2865374064244769
24-25,2024-11-30,3,14,Brentford,Leicester,4,1,H,0.41117674755635786,0.23677991848538946,0.3520433339582527
24-25,2024-11-30,8,20,Crystal Palace,Newcastle,1,1,D,0.3864260387331453,0.26990730967846643,0.34366665158838816
24-25,2024-11-30,22,-1,Nott'm Forest,Ipswich,1,0,H,0.3746785804807877,0.2506428390384244,0.37467858048078784
24-25,2024-11-30,32,2,Wolves,Bournemouth,2,4,A,0.49531156202541127,0.24900785909187215,0.25568057888271656
24-25,2024-11-30,31,0,West Ham,Arsenal,2,5,A,0.2634077823215318,0.23075307739918716,0.5058391402792811
24-25,2024-12-01,28,10,Tottenham,Fulham,1,1,D,0.6970759741854906,0.1829222861507134,0.12000173966379606
24-25,2024-12-01,7,1,Chelsea,Aston Villa,3,0,H,0.574786313743846,0.23328916535748384,0.19192452089867007
24-25,2024-12-01,18,9,Man United,Everton,4,0,H,0.6296115160263105,0.21748614476471873,0.15290233920897078
24-25,2024-12-01,15,17,Liverpool,Man City,2,0,H,0.36656978678305135,0.26207296467369723,0.3713572485432515
24-25,2024-12-03,14,31,Leicester,West Ham,3,1,H,0.4802137474912099,0.23981748381931642,0.2799687686894737
24-25,2024-12-03,-1,8,Ipswich,Crystal Palace,0,1,A,0.4868702359382746,0.24620749824102403,0.26692226582070144
24-25,2024-12-04,9,32,Everton,Wolves,4,0,H,0.4533086745532966,0.28467552365713944,0.2620158017895639
24-25,2024-12-04,17,22,Man City,Nott'm Forest,3,0,H,0.9205506685446869,0.057656614021918524,0.02179271743339452
24-25,2024-12-04,20,15,Newcastle,Liverpool,3,3,D,0.2350218877183573,0.23217211408437077,0.5328059981972719
24-25,2024-12-04,24,7,Southampton,Chelsea,1,5,A,0.19133985765344189,0.22347764664098663,0.5851824957055715
24-25,2024-12-04,0,18,Arsenal,Man United,2,0,H,0.5211653396694836,0.23034511585284792,0.24848954447766844
24-25,2024-12-04,1,3,Aston Villa,Brentford,3,1,H,0.44759739082111055,0.22853795523947054,0.3238646539394189
24-25,2024-12-05,10,4,Fulham,Brighton,3,1,H,0.32883329976904163,0.2685459130455206,0.40262078718543776
24-25,2024-12-05,2,28,Bournemouth,Tottenham,1,0,H,0.2257838760389046,0.21268934281766927,0.5615267811434261
24-25,2024-12-07,8,17,Crystal Palace,Man City,2,2,D,0.10219885789399202,0.1794669188807586,0.7183342232252493
24-25,2024-12-07,18,22,Man United,Nott'm Forest,2,3,A,0.7643964925210258,0.15255348803828808,0.08305001944068606
24-25,2024-12-07,1,24,Aston Villa,Southampton,1,0,H,0.5428427896493737,0.21988993486128794,0.23726727548933835
24-25,2024-12-07,3,20,Brentford,Newcastle,4,2,H,0.4496631882459034,0.25100297520521425,0.2993338365488823
24-25,2024-12-08,10,0,Fulham,Arsenal,1,1,D,0.19311941962505313,0.2170493795290975,0.5898312008458494
24-25,2024-12-08,-1,2,Ipswich,Bournemouth,1,2,A,0.5844511275996828,0.2120348300507034,0.20351404234961387
24-25,2024-12-08,14,4,Leicester,Brighton,2,2,D,0.4692245082462871,0.2594690605942317,0.2713064311594811
24-25,2024-12-08,28,7,Tottenham,Chelsea,3,4,A,0.47516447621344277,0.2417440547516256,0.28309146903493165
24-25,2024-12-09,31,32,West Ham,Wolves,2,1,H,0.4297812785643544,0.2684100035793516,0.3018087178562941
24-25,2024-12-14,32,-1,Wolves,Ipswich,1,2,A,0.36595431451266847,0.27229794665617696,0.3617477388311546
24-25,2024-12-14,20,14,Newcastle,Leicester,4,0,H,0.4343144115029884,0.23929856235407126,0.32638702614294035
24-25,2024-12-14,22,1,Nott'm Forest,Aston Villa,2,1,H,0.3668258099620097,0.2596838899471017,0.3734903000908885
24-25,2024-12-14,0,9,Arsenal,Everton,0,0,D,0.7016681587631164,0.1786340954088632,0.11969774582802047
24-25,2024-12-14,15,10,Liverpool,Fulham,2,2,D,0.8084786777753076,0.12890298308244003,0.06261833914225244
24-25,2024-12-15,7,3,Chelsea,Brentford,2,1,H,0.6000589933638212,0.21345363525803138,0.18648737137814753
24-25,2024-12-15,24,28,Southampton,Tottenham,0,5,A,0.18226512407386034,0.20883032432167797,0.6089045516044617
24-25,2024-12-15,4,8,Brighton,Crystal Palace,1,3,A,0.40588914529778075,0.2687216803996391,0.32538917430258024
24-25,2024-12-15,17,18,Man City,Man United,1,2,A,0.6865775825735796,0.17944900074961467,0.13397341667680576
24-25,2024-12-16,2,31,Bournemouth,West Ham,1,1,D,0.38710211805440026,0.24199634735094347,0.37090153459465625
24-25,2024-12-21,8,0,Crystal Palace,Arsenal,1,5,A,0.248591903432048,0.24896332208872732,0.5024447744792246
24-25,2024-12-21,31,4,West Ham,Brighton,1,1,D,0.41728685365315654,0.2582920547167242,0.3244210916301193
24-25,2024-12-21,-1,20,Ipswich,Newcastle,0,4,A,0.466251927951774,0.24693595159970044,0.28681212044852544
24-25,2024-12-21,3,22,Brentford,Nott'm Forest,0,2,A,0.6470660630845607,0.20219591568336454,0.1507380212320748
24-25,2024-12-21,1,17,Aston Villa,Man City,2,1,H,0.12183432628023784,0.1688237411701317,0.7093419325496304
24-25,2024-12-22,9,7,Everton,Chelsea,0,0,D,0.2992557659052241,0.2584773213478264,0.4422669127469495
24-25,2024-12-22,10,24,Fulham,Southampton,0,0,D,0.3909275348131952,0.2563646229071019,0.352707842279703
24-25,2024-12-22,14,32,Leicester,Wolves,0,3,A,0.47905677585252476,0.26847008635523495,0.25247313779224023
24-25,2024-12-22,18,2,Man United,Bournemouth,0,3,A,0.7007373311279074,0.17565924180336326,0.12360342706872936
24-25,2024-12-22,28,15,Tottenham,Liverpool,3,6,A,0.3770036171182545,0.24595775173230183,0.3770386311494437
24-25,2024-12-26,32,18,Wolves,Man United,2,0,H,0.27239936842954837,0.2663062174746382,0.46129441409581334
24-25,2024-12-26,24,31,Southampton,West Ham,0,1,A,0.3233028918145766,0.2532031824823162,0.4234939257031072
24-25,2024-12-26,22,28,Nott'm Forest,Tottenham,1,0,H,0.24252156952917392,0.22019054378278474,0.5372878866880414
24-25,2024-12-26,15,14,Liverpool,Leicester,3,1,H,0.7435068733761151,0.1520166191530558,0.1044765074708292
24-25,2024-12-26,7,10,Chelsea,Fulham,1,2,A,0.6748750327022002,0.19591971569664424,0.12920525160115556
24-25,2024-12-26,2,8,Bournemouth,Crystal Palace,0,0,D,0.40112038904323083,0.25251802248962074,0.3463615884671484
24-25,2024-12-26,17,9,Man City,Everton,1,1,D,0.8324490936413591,0.11302218360217263,0.054528722756468355
24-25,2024-12-26,20,1,Newcastle,Aston Villa,3,0,H,0.43659534888709395,0.26347581448120594,0.29992883663170006
24-25,2024-12-27,4,3,Brighton,Brentford,0,0,D,0.36898669639373227,0.2569549351311469,0.37405836847512075
24-25,2024-12-27,0,-1,Arsenal,Ipswich,1,0,H,0.6372502238899624,0.1963463198211824,0.16640345628885508
24-25,2024-12-29,31,15,West Ham,Liverpool,0,5,A,0.18537939495242187,0.20201614350428637,0.6126044615432918
24-25,2024-12-29,28,32,Tottenham,Wolves,2,2,D,0.6320472119574899,0.2199452878320549,0.14800750021045525
24-25,2024-12-29,10,2,Fulham,Bournemouth,2,2,D,0.42973651514023825,0.24414261618836286,0.3261208686713989
24-25,2024-12-29,8,24,Crystal Palace,Southampton,2,1,H,0.45369592372848316,0.26219783168406485,0.2841062445874521
24-25,2024-12-29,14,17,Leicester,Man City,0,2,A,0.13637579724058654,0.19441587955234862,0.6692083232070648
24-25,2024-12-29,9,22,Everton,Nott'm Forest,0,2,A,0.635159163716973,0.21439841043848903,0.15044242584453793
24-25,2024-12-30,1,4,Aston Villa,Brighton,2,2,D,0.4671913281813877,0.24426982841616085,0.28853884340245145
24-25,2024-12-30,-1,7,Ipswich,Chelsea,2,0,H,0.31134803784131493,0.24533279345421574,0.44331916870446936
24-25,2024-12-30,18,20,Man United,Newcastle,0,2,A,0.5861165266475858,0.22515930441542514,0.18872416893698904
24-25,2025-01-01,3,0,Brentford,Arsenal,1,3,A,0.29680555393067304,0.24437225760230863,0.4588221884670184
24-25,2025-01-04,24,3,Southampton,Brentford,0,5,A,0.29963252093852244,0.24915881391793193,0.4512086651435457
24-25,2025-01-04,4,0,Brighton,Arsenal,1,1,D,0.2471393711059028,0.24519355394537176,0.5076670749487254
24-25,2025-01-04,17,31,Man City,West Ham,4,1,H,0.817792129066712,0.11555443568418299,0.06665343524910491
24-25,2025-01-04,2,9,Bournemouth,Everton,1,0,H,0.4326364610561669,0.2576115683417963,0.3097519706020368
24-25,2025-01-04,1,14,Aston Villa,Leicester,2,1,H,0.4246176851972035,0.22229354126383852,0.35308877353895796
24-25,2025-01-04,28,20,Tottenham,Newcastle,1,2,A,0.6339725401398993,0.20437298266985537,0.16165447719024528
24-25,2025-01-04,8,7,Crystal Palace,Chelsea,1,1,D,0.24932707946041235,0.25024569030185745,0.5004272302377302
24-25,2025-01-05,10,-1,Fulham,Ipswich,2,2,D,0.3026982444592382,0.25112989985817447,0.4461718556825874
24-25,2025-01-05,15,18,Liverpool,Man United,2,2,D,0.6369348318513968,0.20572455919298305,0.15734060895562027
24-25,2025-01-06,32,22,Wolves,Nott'm Forest,0,3,A,0.5742806495774063,0.2403131106939382,0.18540623972865544
24-25,2025-01-14,3,17,Brentford,Man City,2,2,D,0.12478656798960888,0.1853132963361196,0.6899001356742714
24-25,2025-01-14,7,2,Chelsea,Bournemouth,2,2,D,0.7246908153445324,0.16496240402040932,0.11034678063505825
24-25,2025-01-14,31,10,West Ham,Fulham,3,2,H,0.48817372613398163,0.24424595941761873,0.26758031444839964
24-25,2025-01-14,22,15,Nott'm Forest,Liverpool,1,1,D,0.17583800477635572,0.20128720615736356,0.6228747890662807
24-25,2025-01-15,20,32,Newcastle,Wolves,3,0,H,0.4787284932152626,0.27213784405227776,0.24913366273245963
24-25,2025-01-15,9,1,Everton,Aston Villa,0,1,A,0.4123091229903453,0.27361493759785877,0.31407593941179596
24-25,2025-01-15,14,8,Leicester,Crystal Palace,0,2,A,0.4904633583103385,0.24802977972864343,0.26150686196101797
24-25,2025-01-15,0,28,Arsenal,Tottenham,2,1,H,0.4949099474926563,0.2227994715517015,0.28229058095564225
24-25,2025-01-16,18,24,Man United,Southampton,3,1,H,0.6556290161659402,0.19975994763130947,0.14461103620275034
24-25,2025-01-16,-1,4,Ipswich,Brighton,0,2,A,0.46573473591301784,0.25739619198870667,0.27686907209827555
24-25,2025-01-18,20,2,Newcastle,Bournemouth,1,4,A,0.587010943415436,0.21584769921269198,0.197141357371872
24-25,2025-01-18,3,15,Brentford,Liverpool,0,2,A,0.21547874667625067,0.2210697028315209,0.5634515504922284
24-25,2025-01-18,14,10,Leicester,Fulham,0,2,A,0.540266250849207,0.2395533190301259,0.22018043012066704
24-25,2025-01-18,31,8,West Ham,Crystal Palace,0,2,A,0.43671544044048616,0.24857475599159098,0.31470980356792283
24-25,2025-01-18,0,1,Arsenal,Aston Villa,2,2,D,0.6219853286601054,0.2072184829289386,0.170796188410956
24-25,2025-01-19,9,28,Everton,Tottenham,3,2,H,0.29227368500823203,0.2463417656982453,0.46138454929352263
24-25,2025-01-19,18,4,Man United,Brighton,1,3,A,0.580752855102644,0.23534812485288106,0.18389902004447506
24-25,2025-01-19,22,24,Nott'm Forest,Southampton,3,2,H,0.4698838644642708,0.24418780210567326,0.2859283334300559
24-25,2025-01-19,-1,17,Ipswich,Man City,0,6,A,0.13216115325519046,0.1887786994090662,0.6790601473357434
24-25,2025-01-20,7,32,Chelsea,Wolves,3,1,H,0.6099940207313609,0.2329140303155419,0.1570919489530972
24-25,2025-01-25,32,0,Wolves,Arsenal,0,1,A,0.25138545306696647,0.2541851987441343,0.4944293481888993
24-25,2025-01-25,17,7,Man City,Chelsea,3,1,H,0.6674958508683236,0.18392177448840097,0.14858237464327534
24-25,2025-01-25,24,20,Southampton,Newcastle,1,3,A,0.3181815599975064,0.2617892484821456,0.4200291915203479
24-25,2025-01-25,4,9,Brighton,Everton,0,1,A,0.4348070607221805,0.27374519337796027,0.2914477458998592
24-25,2025-01-25,2,22,Bournemouth,Nott'm Forest,5,0,H,0.5819427823961414,0.22027333719788333,0.19778388040597528
24-25,2025-01-25,15,-1,Liverpool,Ipswich,4,1,H,0.7406612582435845,0.16070512119428224,0.09863362056213319
24-25,2025-01-26,8,3,Crystal Palace,Brentford,1,2,A,0.36943128063451114,0.26009891206067987,0.370469807304809
24-25,2025-01-26,28,14,Tottenham,Leicester,1,2,A,0.6072391272816907,0.2008046533347398,0.19195621938356935
24-25,2025-01-26,1,31,Aston Villa,West Ham,1,1,D,0.47606760931461634,0.22627765243742656,0.2976547382479571
24-25,2025-01-26,10,18,Fulham,Man United,0,1,A,0.2140423629716675,0.2319462804466091,0.5540113565817234
24-25,2025-02-01,22,4,Nott'm Forest,Brighton,7,0,H,0.4003690829823946,0.2634486422612336,0.3361822747563718
24-25,2025-02-01,2,15,Bournemouth,Liverpool,0,2,A,0.16179835395634187,0.1917124447559291,0.646489201287729
24-25,2025-02-01,9,14,Everton,Leicester,4,0,H,0.4093579612091439,0.24785913099783421,0.34278290779302184
24-25,2025-02-01,-1,24,Ipswich,Southampton,1,2,A,0.5391981047512553,0.2315803204962116,0.22922157475253307
24-25,2025-02-01,20,10,Newcastle,Fulham,1,2,A,0.5397108740837416,0.24273107335962033,0.2175580525566381
24-25,2025-02-01,32,1,Wolves,Aston Villa,2,0,H,0.35777440570501856,0.28236541045223895,0.3598601838427425
24-25,2025-02-02,18,8,Man United,Crystal Palace,0,2,A,0.604693326033072,0.2212084733836078,0.1740982005833201
24-25,2025-02-02,0,17,Arsenal,Man City,5,1,H,0.2554411159585187,0.23554549760705315,0.5090133864344281
24-25,2025-02-02,3,28,Brentford,Tottenham,0,2,A,0.28961743746463414,0.2338117864995181,0.4765707760358478
24-25,2025-02-03,7,31,Chelsea,West Ham,2,1,H,0.6253779499482114,0.2059201868886362,0.16870186316315242
24-25,2025-02-12,9,15,Everton,Liverpool,2,2,D,0.2201768058461969,0.23512953639353953,0.5446936577602636
24-25,2025-02-14,4,7,Brighton,Chelsea,3,0,H,0.24789750022961618,0.24646612769811344,0.5056363720722703
24-25,2025-02-15,14,0,Leicester,Arsenal,0,2,A,0.315607659424788,0.24771889626387614,0.43667344431133576
24-25,2025-02-15,1,-1,Aston Villa,Ipswich,1,1,D,0.44125091324865967,0.23549945346613624,0.323249633285204
24-25,2025-02-15,10,22,Fulham,Nott'm Forest,2,1,H,0.5172281462084259,0.24325975485966833,0.23951209893190573
24-25,2025-02-15,17,20,Man City,Newcastle,4,0,H,0.8038539852459986,0.1254055165571595,0.07074049819684186
24-25,2025-02-15,24,2,Southampton,Bournemouth,1,3,A,0.420576950861303,0.25048435688529236,0.3289386922534046
24-25,2025-02-15,31,3,West Ham,Brentford,0,1,A,0.39650135688428195,0.2394597156547376,0.36403892746098043
24-25,2025-02-15,8,9,Crystal Palace,Everton,1,2,A,0.4341428873837174,0.2770071827456191,0.28884992987066344
24-25,2025-02-16,28,18,Tottenham,Man United,1,0,H,0.49809444541897924,0.24232698069089278,0.25957857389012806
24-25,2025-02-16,15,32,Liverpool,Wolves,2,1,H,0.7491491193657831,0.16746227893254634,0.08338860170167063
24-25,2025-02-19,1,15,Aston Villa,Liverpool,2,2,D,0.21668775831133583,0.20612884824534508,0.577183393443319
24-25,2025-02-21,14,3,Leicester,Brentford,0,4,A,0.4534164242587391,0.24253822824300755,0.3040453474982533
24-25,2025-02-22,9,18,Everton,Man United,2,2,D,0.32091120448018146,0.26684373775413767,0.41224505776568093
24-25,2025-02-22,0,31,Arsenal,West Ham,0,1,A,0.6736835031560245,0.1797319504241214,0.14658454641985405
24-25,2025-02-22,2,32,Bournemouth,Wolves,0,1,A,0.39639810393906927,0.2727973038849828,0.33080459217594804
24-25,2025-02-22,10,8,Fulham,Crystal Palace,0,2,A,0.3443968425123002,0.2604298454659343,0.39517331202176553
24-25,2025-02-22,-1,28,Ipswich,Tottenham,1,4,A,0.3036111477360988,0.23405677617919238,0.46233207608470883
24-25,2025-02-22,24,4,Southampton,Brighton,0,4,A,0.32209826250926676,0.2748595109284743,0.4030422265622589
24-25,2025-02-22,1,7,Aston Villa,Chelsea,2,1,H,0.3041859903101114,0.2304968491967728,0.46531716049311583
24-25,2025-02-23,20,22,Newcastle,Nott'm Forest,4,3,H,0.6640120555748857,0.19829511649072434,0.13769282793438994
24-25,2025-02-23,17,15,Man City,Liverpool,0,2,A,0.5696367624178577,0.21215279465853248,0.21821044292360983
24-25,2025-02-25,32,10,Wolves,Fulham,1,2,A,0.4530501981677688,0.2736266696230239,0.2733231322092073
24-25,2025-02-25,7,24,Chelsea,Southampton,4,0,H,0.6801001233120115,0.18947845475686875,0.13042142193111977
24-25,2025-02-25,4,2,Brighton,Bournemouth,2,1,H,0.4959461871076469,0.24274993339030793,0.26130387950204526
24-25,2025-02-25,8,1,Crystal Palace,Aston Villa,4,1,H,0.35645956770147946,0.2778257754727901,0.36571465682573034
24-25,2025-02-26,3,9,Brentford,Everton,1,1,D,0.4998358338472599,0.2522534856778509,0.24791068047488923
24-25,2025-02-26,18,-1,Man United,Ipswich,3,2,H,0.5636804443939439,0.23023900807200956,0.2060805475340465
24-25,2025-02-26,22,0,Nott'm Forest,Arsenal,0,0,D,0.25074698715994614,0.2316392692604749,0.517613743579579
24-25,2025-02-26,28,17,Tottenham,Man City,0,1,A,0.2438374888689399,0.24181865097131855,0.5143438601597415
24-25,2025-02-26,15,20,Liverpool,Newcastle,2,0,H,0.7587265423390528,0.15287667208841238,0.08839678557253482
24-25,2025-02-27,31,14,West Ham,Leicester,2,0,H,0.37377394897257565,0.23090434207368568,0.39532170895373864
24-25,2025-03-08,3,1,Brentford,Aston Villa,0,1,A,0.41616782265625335,0.26103998479560064,0.322792192548146
24-25,2025-03-08,22,17,Nott'm Forest,Man City,1,0,H,0.09758744730810877,0.16002755883061562,0.7423849938612757
24-25,2025-03-08,4,10,Brighton,Fulham,2,1,H,0.45368167838168755,0.2664999188405296,0.27981840277778297
24-25,2025-03-08,8,-1,Crystal Palace,Ipswich,1,0,H,0.364450374091844,0.2679813030865044,0.3675683228216515
24-25,2025-03-08,15,24,Liverpool,Southampton,3,1,H,0.8149393880021039,0.12297688636970505,0.062083725628191186
24-25,2025-03-08,32,9,Wolves,Everton,1,1,D,0.4343613329122438,0.28116045415873575,0.2844782129290205
24-25,2025-03-09,28,2,Tottenham,Bournemouth,2,2,D,0.746532162474125,0.15237624967474842,0.10109158785112655
24-25,2025-03-09,7,14,Chelsea,Leicester,1,0,H,0.584671251173023,0.21143676200069017,0.20389198682628687
24-25,2025-03-09,18,0,Man United,Arsenal,1,1,D,0.4292921140157734,0.25285076570819787,0.31785712027602875
24-25,2025-03-10,31,20,West Ham,Newcastle,0,1,A,0.4155243601886519,0.24755837428787925,0.3369172655234688
24-25,2025-03-15,2,3,Bournemouth,Brentford,1,2,A,0.3606911800129241,0.24064141107995288,0.39866740890712304
24-25,2025-03-15,24,32,Southampton,Wolves,1,2,A,0.33525919209717914,0.28909636949261286,0.375644438410208
24-25,2025-03-15,17,4,Man City,Brighton,2,2,D,0.7946669252589276,0.13399032354040563,0.07134275120066669
24-25,2025-03-15,9,31,Everton,West Ham,1,1,D,0.4545898830224591,0.2535773641771858,0.29183275280035514
24-25,2025-03-15,-1,22,Ipswich,Nott'm Forest,2,4,A,0.6639443618014585,0.19447989941789817,0.14157573878064322
24-25,2025-03-16,0,7,Arsenal,Chelsea,1,0,H,0.49754738696076495,0.23061714608287337,0.27183546695636174
24-25,2025-03-16,10,28,Fulham,Tottenham,2,0,H,0.18458875268246316,0.2041136795090003,0.6112975678085365
24-25,2025-03-16,14,18,Leicester,Man United,0,3,A,0.3393114686523551,0.25623203455931753,0.4044564967883273
24-25,2025-04-01,0,10,Arsenal,Fulham,2,1,H,0.7225948770333184,0.1671954915575074,0.11020963140917422
24-25,2025-04-01,32,31,Wolves,West Ham,1,0,H,0.3955095796824606,0.26478220845565276,0.3397082118618866
24-25,2025-04-01,22,18,Nott'm Forest,Man United,1,0,H,0.273916072996994,0.2434666276417723,0.4826172993612338
24-25,2025-04-02,24,8,Southampton,Crystal Palace,1,1,D,0.33733222167223537,0.2665555991538248,0.39611217917393976
24-25,2025-04-02,20,3,Newcastle,Brentford,2,1,H,0.45436206169534693,0.2457341121804526,0.2999038261242004
24-25,2025-04-02,15,9,Liverpool,Everton,1,0,H,0.7900541961609798,0.14062900197211922,0.0693168018669009
24-25,2025-04-02,4,1,Brighton,Aston Villa,0,3,A,0.3562342815419914,0.27439199401482733,0.3693737244431813
24-25,2025-04-02,2,-1,Bournemouth,Ipswich,1,2,A,0.3565304548984897,0.24775122394353444,0.3957183211579758
24-25,2025-04-02,17,14,Man City,Leicester,2,0,H,0.7903980807386242,0.12577834125750909,0.08382357800386683
24-25,2025-04-03,7,28,Chelsea,Tottenham,1,0,H,0.4524346826737491,0.24118911147271607,0.3063762058535349
24-25,2025-04-05,9,0,Everton,Arsenal,1,1,D,0.29861315588939147,0.2573192808517612,0.44406756325884733
24-25,2025-04-05,8,4,Crystal Palace,Brighton,2,1,H,0.3875106079431021,0.28215385688145267,0.3303355351754452
24-25,2025-04-05,-1,32,Ipswich,Wolves,1,2,A,0.47603392507479325,0.2663529076411813,0.2576131672840254
24-25,2025-04-05,31,2,West Ham,Bournemouth,2,2,D,0.5328071145800312,0.2210023625577895,0.24619052286217938
24-25,2025-04-05,1,22,Aston Villa,Nott'm Forest,2,1,H,0.6731467604068627,0.1829114010477635,0.14394183854537376
24-25,2025-04-06,3,7,Brentford,Chelsea,0,0,D,0.2975378906557737,0.24548508636105398,0.4569770229831723
24-25,2025-04-06,10,15,Fulham,Liverpool,3,2,H,0.13030458821351684,0.17948603836574076,0.6902093734207424
24-25,2025-04-06,28,24,Tottenham,Southampton,3,1,H,0.7023672056823862,0.17675219977812992,0.12088059453948395
24-25,2025-04-06,18,17,Man United,Man City,0,0,D,0.21409619386921858,0.23964608886240413,0.5462577172683772
24-25,2025-04-07,14,20,Leicester,Newcastle,0,3,A,0.4701187091260422,0.24888791045941724,0.28099338041454064
24-25,2025-04-12,24,1,Southampton,Aston Villa,0,3,A,0.2916177912685999,0.2660346322942478,0.4423475764371524
24-25,2025-04-12,22,9,Nott'm Forest,Everton,0,1,A,0.45004824940296473,0.2580106041494611,0.29194114644757413
24-25,2025-04-12,0,3,Arsenal,Brentford,1,1,D,0.6481552052287031,0.1881669209019242,0.16367787386937274
24-25,2025-04-12,17,8,Man City,Crystal Palace,5,2,H,0.8168808846291388,0.11943352635808213,0.06368558901277908
24-25,2025-04-12,4,14,Brighton,Leicester,2,2,D,0.34818565489777664,0.24677429766557002,0.40504004743665334
24-25,2025-04-13,7,-1,Chelsea,Ipswich,2,2,D,0.5895347297569704,0.22201204381995682,0.1884532264230728
24-25,2025-04-13,15,31,Liverpool,West Ham,2,1,H,0.7734441076639017,0.14222993333823236,0.08432595899786594
24-25,2025-04-13,32,28,Wolves,Tottenham,4,2,H,0.2444682884414459,0.24192875226744473,0.5136029592911094
24-25,2025-04-13,20,18,Newcastle,Man United,4,1,H,0.341251392554039,0.2602398058831844,0.3985088015627765
24-25,2025-04-14,2,10,Bournemouth,Fulham,1,0,H,0.45193076128895,0.2510824750850089,0.29698676362604104
24-25,2025-04-16,20,8,Newcastle,Crystal Palace,5,0,H,0.4905938591459278,0.2512942653894848,0.25811187546458747
24-25,2025-04-19,3,4,Brentford,Brighton,4,2,H,0.4495893988548447,0.261730941997505,0.28867965914765026
24-25,2025-04-19,8,2,Crystal Palace,Bournemouth,0,0,D,0.4951474137096551,0.2455499449822603,0.2593026413080845
24-25,2025-04-19,9,17,Everton,Man City,0,2,A,0.13072771521701315,0.20157776246267817,0.6676945223203086
24-25,2025-04-19,31,24,West Ham,Southampton,1,1,D,0.48864312704557766,0.2377563746033497,0.2736004983510727
24-25,2025-04-19,1,20,Aston Villa,Newcastle,4,1,H,0.4665617355559441,0.2345551131725088,0.2988831512715472
24-25,2025-04-20,14,15,Leicester,Liverpool,0,1,A,0.23195877479249025,0.22743919968953183,0.540602025517978
24-25,2025-04-20,18,32,Man United,Wolves,0,1,A,0.5860706355276755,0.24229308018744306,0.17163628428488145
24-25,2025-04-20,10,7,Fulham,Chelsea,1,2,A,0.19399791228088634,0.218415028905832,0.5875870588132817
24-25,2025-04-20,-1,0,Ipswich,Arsenal,0,4,A,0.31063295502086535,0.244257890153307,0.44510915482582764
24-25,2025-04-21,28,22,Tottenham,Nott'm Forest,1,2,A,0.8052366645636624,0.1284766904582599,0.06628664497807776
24-25,2025-04-22,17,1,Man City,Aston Villa,2,1,H,0.7710732309213584,0.14449622002163287,0.08443054905700875
24-25,2025-04-23,0,8,Arsenal,Crystal Palace,2,2,D,0.677810211988535,0.18439732371833423,0.13779246429313075
24-25,2025-04-26,7,9,Chelsea,Everton,1,0,H,0.6537822938517018,0.20743252648954852,0.13878517965874962
24-25,2025-04-26,4,31,Brighton,West Ham,3,2,H,0.3939941934222352,0.25769806763027336,0.3483077389474915
24-25,2025-04-26,20,-1,Newcastle,Ipswich,3,0,H,0.44724974706518456,0.2535148738503279,0.2992353790844875
24-25,2025-04-26,24,10,Southampton,Fulham,1,2,A,0.38391542619860786,0.2705290042317592,0.345555569569633
24-25,2025-04-26,32,14,Wolves,Leicester,3,0,H,0.35122972575464306,0.2539948262314359,0.39477544801392106
24-25,2025-04-27,2,18,Bournemouth,Man United,1,1,D,0.25741010158022476,0.237045444875048,0.5055444535447273
24-25,2025-04-27,15,28,Liverpool,Tottenham,5,1,H,0.6198750162828449,0.20164997364651874,0.17847501007063646
24-25,2025-05-01,22,3,Nott'm Forest,Brentford,0,2,A,0.37945410406351743,0.24340605337177512,0.3771398425647074
24-25,2025-05-02,17,32,Man City,Wolves,1,0,H,0.7942174825624406,0.13816367869453328,0.06761883874302613
24-25,2025-05-03,0,2,Arsenal,Bournemouth,1,2,A,0.7713417338368225,0.13741795657776648,0.09124030958541113
24-25,2025-05-03,14,24,Leicester,Southampton,2,0,H,0.5424581900783003,0.23300225504018127,0.22453955488151836
24-25,2025-05-03,1,10,Aston Villa,Fulham,1,0,H,0.5415446194905253,0.22583130289203518,0.23262407761743945
24-25,2025-05-03,9,-1,Everton,Ipswich,2,2,D,0.4223459179222802,0.26345852571594147,0.31419555636177837
24-25,2025-05-04,3,18,Brentford,Man United,4,3,H,0.3204178078142445,0.25383871386191786,0.4257434783238376
24-25,2025-05-04,4,20,Brighton,Newcastle,1,1,D,0.38635834373414907,0.266681368232224,0.34696028803362694
24-25,2025-05-04,31,28,West Ham,Tottenham,1,1,D,0.2551344397171978,0.21973151381836753,0.5251340464644347
24-25,2025-05-04,7,15,Chelsea,Liverpool,3,1,H,0.36006227613067376,0.25183583411163935,0.38810188975768684
24-25,2025-05-05,8,22,Crystal Palace,Nott'm Forest,1,1,D,0.5755827722598277,0.23678510954051676,0.18763211819965553
24-25,2025-05-10,10,9,Fulham,Everton,1,3,A,0.3748084011557965,0.26913376006261547,0.3560578387815881
24-25,2025-05-10,-1,3,Ipswich,Brentford,0,1,A,0.4490864889051568,0.24053638535344968,0.3103771257413936
24-25,2025-05-10,24,17,Southampton,Man City,0,0,D,0.06975339399090484,0.1399837554393216,0.7902628505697735
24-25,2025-05-10,32,4,Wolves,Brighton,0,2,A,0.38830048005909223,0.28657446251438196,0.32512505742652575
24-25,2025-05-10,2,1,Bournemouth,Aston Villa,0,1,A,0.34941870523039986,0.25656669381686614,0.394014600952734
24-25,2025-05-11,15,0,Liverpool,Arsenal,2,2,D,0.6176968418541716,0.2084327640762122,0.17387039406961627
24-25,2025-05-11,28,8,Tottenham,Crystal Palace,0,2,A,0.6521250597663591,0.19950894700067923,0.14836599323296165
24-25,2025-05-11,20,7,Newcastle,Chelsea,2,0,H,0.3186033947234871,0.25288727533321825,0.42850932994329466
24-25,2025-05-11,18,31,Man United,West Ham,0,2,A,0.5994043988271242,0.2149368346560047,0.18565876651687105
24-25,2025-05-11,22,14,Nott'm Forest,Leicester,2,2,D,0.3570154613106515,0.2340100181449794,0.40897452054436917
24-25,2025-05-16,1,28,Aston Villa,Tottenham,2,0,H,0.29523984316378354,0.21959958234706417,0.48516057448915223
24-25,2025-05-16,7,18,Chelsea,Man United,1,0,H,0.4777198150837639,0.25152340842424253,0.27075677649199353
24-25,2025-05-18,0,20,Arsenal,Newcastle,1,0,H,0.6596021492243542,0.1896800950756033,0.15071775570004242
24-25,2025-05-18,9,24,Everton,Southampton,2,0,H,0.5144501728708165,0.24898905749428366,0.23656076963489983
24-25,2025-05-18,31,22,West Ham,Nott'm Forest,1,2,A,0.6185726589757083,0.20778928135943092,0.1736380596648607
24-25,2025-05-18,3,10,Brentford,Fulham,2,3,A,0.5202730552034153,0.24379075091487595,0.23593619388170883
24-25,2025-05-18,14,-1,Leicester,Ipswich,2,0,H,0.4464407181248094,0.25016525185978356,0.30339403001540705
24-25,2025-05-19,4,15,Brighton,Liverpool,3,2,H,0.17606015688746973,0.21496643263512727,0.608973410477403
24-25,2025-05-20,17,2,Man City,Bournemouth,3,1,H,0.8878499728899207,0.07595720099714101,0.03619282611293829
24-25,2025-05-20,8,32,Crystal Palace,Wolves,4,2,H,0.39831574024353783,0.2942080187961859,0.3074762409602762
24-25,2025-05-25,32,3,Wolves,Brentford,1,1,D,0.371110616850596,0.26424634373829736,0.3646430394111066
24-25,2025-05-25,28,4,Tottenham,Brighton,1,4,A,0.6276489800533563,0.2140224206518108,0.15832859929483287
24-25,2025-05-25,22,7,Nott'm Forest,Chelsea,0,1,A,0.2515895233743659,0.2328454046719305,0.5155650719537036
24-25,2025-05-25,24,0,Southampton,Arsenal,1,2,A,0.19049373185082444,0.22207848681478914,0.5874277813343864
24-25,2025-05-25,20,9,Newcastle,Everton,0,1,A,0.5191240408249632,0.25182766450927374,0.22904829466576304
24-25,2025-05-25,10,17,Fulham,Man City,0,2,A,0.06946341986110387,0.1350300795177099,0.7955065006211862
24-25,2025-05-25,15,8,Liverpool,Crystal Palace,1,1,D,0.7728735541453722,0.1469035243365613,0.08022292151806654
24-25,2025-05-25,-1,31,Ipswich,West Ham,1,3,A,0.47614239683221604,0.2380278191965579,0.28582978397122594
24-25,2025-05-25,2,14,Bournemouth,Leicester,2,0,H,0.3377269603861214,0.23044207524003965,0.431830964373839
24-25,2025-05-25,18,1,Man United,Aston Villa,2,0,H,0.5495232972848232,0.24131964398408215,0.2091570587310948
25-26,2025-08-15,15,2,Liverpool,Bournemouth,4,2,H,0.8516655209423745,0.0995322407742328,0.04880223828339271
25-26,2025-08-16,28,5,Tottenham,Burnley,3,0,H,0.6727166997643783,0.1988461509039936,0.12843714933162814
25-26,2025-08-16,26,31,Sunderland,West Ham,3,0,H,0.19016333775576016,0.2302993201578657,0.5795373420863741
25-26,2025-08-16,32,17,Wolves,Man City,0,4,A,0.10512740190182088,0.18611586777117478,0.7087567303270044
25-26,2025-08-16,1,20,Aston Villa,Newcastle,0,0,D,0.4665617355559441,0.2345551131725088,0.2988831512715472
25-26,2025-08-16,4,10,Brighton,Fulham,1,1,D,0.45368167838168755,0.2664999188405296,0.27981840277778297
25-26,2025-08-17,7,8,Chelsea,Crystal Palace,0,0,D,0.6297600949493664,0.21183624516044908,0.15840365989018465
25-26,2025-08-17,22,3,Nott'm Forest,Brentford,3,1,H,0.37945410406351743,0.24340605337177512,0.3771398425647074
25-26,2025-08-17,18,0,Man United,Arsenal,0,1,A,0.4292921140157734,0.25285076570819787,0.31785712027602875
25-26,2025-08-18,13,9,Leeds,Everton,1,0,H,0.36660103672938893,0.258769626892505,0.3746293363781061
25-26,2025-08-22,31,7,West Ham,Chelsea,1,5,A,0.2642552258041547,0.23191365181954846,0.5038311223762968
25-26,2025-08-23,5,26,Burnley,Sunderland,2,0,H,0.47920177358447763,0.29516292381123876,0.22563530260428355
25-26,2025-08-23,17,28,Man City,Tottenham,0,2,A,0.6704828996407276,0.1772022839292449,0.15231481643002753
25-26,2025-08-23,2,32,Bournemouth,Wolves,1,0,H,0.39639810393906927,0.2727973038849828,0.33080459217594804
25-26,2025-08-23,3,1,Brentford,Aston Villa,1,0,H,0.41616782265625335,0.26103998479560064,0.322792192548146
25-26,2025-08-23,0,13,Arsenal,Leeds,5,0,H,0.7255654885282621,0.15078357590905703,0.12365093556268088
25-26,2025-08-24,9,4,Everton,Brighton,2,0,H,0.4440243119866027,0.2744528452797311,0.2815228427336662
25-26,2025-08-24,8,22,Crystal Palace,Nott'm Forest,1,1,D,0.5755827722598277,0.23678510954051676,0.18763211819965553
25-26,2025-08-24,10,18,Fulham,Man United,1,1,D,0.2140423629716675,0.2319462804466091,0.5540113565817234
25-26,2025-08-25,20,15,Newcastle,Liverpool,2,3,A,0.2350218877183573,0.23217211408437077,0.5328059981972719
25-26,2025-08-30,7,10,Chelsea,Fulham,2,0,H,0.6748750327022002,0.19591971569664424,0.12920525160115556
25-26,2025-08-30,18,5,Man United,Burnley,3,2,H,0.6266433364707477,0.22213366583562533,0.15122299769362701
25-26,2025-08-30,26,3,Sunderland,Brentford,2,1,H,0.17255806725472778,0.22037013160349714,0.6070718011417751
25-26,2025-08-30,28,2,Tottenham,Bournemouth,0,1,A,0.746532162474125,0.15237624967474842,0.10109158785112655
25-26,2025-08-30,32,9,Wolves,Everton,2,3,A,0.4343613329122438,0.28116045415873575,0.2844782129290205
25-26,2025-08-30,13,20,Leeds,Newcastle,0,0,D,0.3142964839237605,0.24460789146727474,0.44109562460896484
25-26,2025-08-31,4,17,Brighton,Man City,2,1,H,0.10035273370886749,0.17482492845744385,0.7248223378336887
25-26,2025-08-31,22,31,Nott'm Forest,West Ham,0,3,A,0.40593852104413347,0.24387688602412913,0.3501845929317374
25-26,2025-08-31,15,0,Liverpool,Arsenal,1,0,H,0.6176968418541716,0.2084327640762122,0.17387039406961627
25-26,2025-08-31,1,8,Aston Villa,Crystal Palace,0,3,A,0.48847515717728934,0.23384434256272305,0.27768050025998764
25-26,2025-09-13,3,7,Brentford,Chelsea,2,2,D,0.2975378906557737,0.24548508636105398,0.4569770229831723
25-26,2025-09-13,31,28,West Ham,Tottenham,0,3,A,0.2551344397171978,0.21973151381836753,0.5251340464644347
25-26,2025-09-13,20,32,Newcastle,Wolves,1,0,H,0.4787284932152626,0.27213784405227776,0.24913366273245963
25-26,2025-09-13,10,13,Fulham,Leeds,1,0,H,0.3624491516197276,0.23153723642674415,0.40601361195352836
25-26,2025-09-13,9,1,Everton,Aston Villa,0,0,D,0.4123091229903453,0.27361493759785877,0.31407593941179596
25-26,2025-09-13,8,26,Crystal Palace,Sunderland,0,0,D,0.5656377160799385,0.2630517833390916,0.1713105005809698
25-26,2025-09-13,2,4,Bournemouth,Brighton,2,1,H,0.3830867157349532,0.26148390656514003,0.3554293776999068
25-26,2025-09-13,0,22,Arsenal,Nott'm Forest,3,0,H,0.8280171427786628,0.11334693507003794,0.05863592215129927
25-26,2025-09-14,5,15,Burnley,Liverpool,0,1,A,0.12602536765464709,0.19247700147074132,0.6814976308746116
25-26,2025-09-14,17,18,Man City,Man United,3,0,H,0.6865775825735796,0.17944900074961467,0.13397341667680576
25-26,2025-09-20,15,9,Liverpool,Everton,2,1,H,0.7900541961609798,0.14062900197211922,0.0693168018669009
25-26,2025-09-20,4,28,Brighton,Tottenham,2,2,D,0.23970604162702872,0.23312694813956777,0.5271670102334035
25-26,2025-09-20,5,22,Burnley,Nott'm Forest,1,1,D,0.48261474917124964,0.2661942742141393,0.2511909766146111
25-26,2025-09-20,31,8,West Ham,Crystal Palace,1,2,A,0.43671544044048616,0.24857475599159098,0.31470980356792283
25-26,2025-09-20,32,13,Wolves,Leeds,1,3,A,0.43438197867398376,0.2438150845771041,0.3218029367489122
25-26,2025-09-20,18,7,Man United,Chelsea,2,1,H,0.42962215386758357,0.25374519752301683,0.3166326486093996
25-26,2025-09-20,10,3,Fulham,Brentford,3,1,H,0.3054589220045129,0.24374801204584767,0.4507930659496394
25-26,2025-09-21,0,17,Arsenal,Man City,1,1,D,0.2554411159585187,0.23554549760705315,0.5090133864344281
25-26,2025-09-21,26,1,Sunderland,Aston Villa,1,1,D,0.1719928201736197,0.23860237231752124,0.589404807508859
25-26,2025-09-21,2,20,Bournemouth,Newcastle,0,0,D,0.38017686378113297,0.2501926913272213,0.36963044489164576
25-26,2025-09-27,3,18,Brentford,Man United,3,1,H,0.3204178078142445,0.25383871386191786,0.4257434783238376
25-26,2025-09-27,7,4,Chelsea,Brighton,1,3,A,0.6054922696077883,0.22636720198180638,0.16814052841040528
25-26,2025-09-27,8,15,Crystal Palace,Liverpool,2,1,H,0.17797352449503012,0.219102840640519,0.6029236348644509
25-26,2025-09-27,13,2,Leeds,Bournemouth,2,2,D,0.42094694371131525,0.23588537997980166,0.3431676763088831
25-26,2025-09-27,17,5,Man City,Burnley,5,1,H,0.8283440336711623,0.11680155232405996,0.05485441400477774
25-26,2025-09-27,22,26,Nott'm Forest,Sunderland,0,1,A,0.5906072914495196,0.24034570280064962,0.16904700574983078
25-26,2025-09-27,28,32,Tottenham,Wolves,1,1,D,0.6320472119574899,0.2199452878320549,0.14800750021045525
25-26,2025-09-28,1,10,Aston Villa,Fulham,3,1,H,0.5415446194905253,0.22583130289203518,0.23262407761743945
25-26,2025-09-28,20,0,Newcastle,Arsenal,1,2,A,0.3179530647210213,0.25180180082979914,0.4302451344491796
25-26,2025-09-29,9,31,Everton,West Ham,1,1,D,0.4545898830224591,0.2535773641771858,0.29183275280035514
25-26,2025-10-03,2,10,Bournemouth,Fulham,3,1,H,0.45193076128895,0.2510824750850089,0.29698676362604104
25-26,2025-10-04,7,15,Chelsea,Liverpool,2,1,H,0.36006227613067376,0.25183583411163935,0.38810188975768684
25-26,2025-10-04,18,26,Man United,Sunderland,2,0,H,0.744135154281503,0.1754249656781146,0.08043988004038238
25-26,2025-10-04,13,28,Leeds,Tottenham,1,2,A,0.17197091254965358,0.18920045421336332,0.638828633236983
25-26,2025-10-04,0,31,Arsenal,West Ham,2,0,H,0.6736835031560245,0.1797319504241214,0.14658454641985405
25-26,2025-10-05,1,5,Aston Villa,Burnley,2,1,H,0.5198444618936613,0.23848194556098587,0.24167359254535276
25-26,2025-10-05,9,8,Everton,Crystal Palace,2,1,H,0.46439723793832793,0.2629420320931448,0.2726607299685272
25-26,2025-10-05,20,22,Newcastle,Nott'm Forest,2,0,H,0.6640120555748857,0.19829511649072434,0.13769282793438994
25-26,2025-10-05,32,4,Wolves,Brighton,1,1,D,0.38830048005909223,0.28657446251438196,0.32512505742652575
25-26,2025-10-05,3,17,Brentford,Man City,0,1,A,0.12478656798960888,0.1853132963361196,0.6899001356742714
25-26,2025-10-18,10,0,Fulham,Arsenal,0,1,A,0.19311941962505313,0.2170493795290975,0.5898312008458494
25-26,2025-10-18,22,7,Nott'm Forest,Chelsea,0,3,A,0.2515895233743659,0.2328454046719305,0.5155650719537036
25-26,2025-10-18,4,20,Brighton,Newcastle,2,1,H,0.38635834373414907,0.266681368232224,0.34696028803362694
25-26,2025-10-18,5,13,Burnley,Leeds,2,0,H,0.33921575243692825,0.24664673301684117,0.41413751454623055
25-26,2025-10-18,8,2,Crystal Palace,Bournemouth,3,3,D,0.4951474137096551,0.2455499449822603,0.2593026413080845
25-26,2025-10-18,17,9,Man City,Everton,2,0,H,0.8324490936413591,0.11302218360217263,0.054528722756468355
25-26,2025-10-18,26,32,Sunderland,Wolves,2,0,H,0.20949504593553386,0.27653498230823764,0.5139699717562285
25-26,2025-10-19,15,18,Liverpool,Man United,1,2,A,0.6369348318513968,0.20572455919298305,0.15734060895562027
25-26,2025-10-19,28,1,Tottenham,Aston Villa,1,2,A,0.596753075956172,0.22169354938956073,0.18155337465426719
25-26,2025-10-20,31,3,West Ham,Brentford,0,2,A,0.39650135688428195,0.2394597156547376,0.36403892746098043
25-26,2025-10-24,13,31,Leeds,West Ham,2,1,H,0.31883646707944385,0.23672816976776104,0.4444353631527951
25-26,2025-10-25,7,26,Chelsea,Sunderland,1,2,A,0.764287064174991,0.1638684868932391,0.07184444893176992
25-26,2025-10-25,20,10,Newcastle,Fulham,2,1,H,0.5397108740837416,0.24273107335962033,0.2175580525566381
25-26,2025-10-25,18,4,Man United,Brighton,4,2,H,0.580752855102644,0.23534812485288106,0.18389902004447506
25-26,2025-10-25,3,15,Brentford,Liverpool,3,2,H,0.21547874667625067,0.2210697028315209,0.5634515504922284
25-26,2025-10-26,0,8,Arsenal,Crystal Palace,1,0,H,0.677810211988535,0.18439732371833423,0.13779246429313075
25-26,2025-10-26,1,17,Aston Villa,Man City,1,0,H,0.12183432628023784,0.1688237411701317,0.7093419325496304
25-26,2025-10-26,2,22,Bournemouth,Nott'm Forest,2,0,H,0.5819427823961414,0.22027333719788333,0.19778388040597528
25-26,2025-10-26,32,5,Wolves,Burnley,2,3,A,0.43397243821429105,0.2867221925124934,0.27930536927321553
25-26,2025-10-26,9,28,Everton,Tottenham,0,3,A,0.29227368500823203,0.2463417656982453,0.46138454929352263
25-26,2025-11-01,15,1,Liverpool,Aston Villa,2,0,H,0.7241716520766515,0.1726582782753358,0.10317006964801265
25-26,2025-11-01,28,7,Tottenham,Chelsea,0,1,A,0.47516447621344277,0.2417440547516256,0.28309146903493165
25-26,2025-11-01,22,18,Nott'm Forest,Man United,2,2,D,0.273916072996994,0.2434666276417723,0.4826172993612338
25-26,2025-11-01,8,3,Crystal Palace,Brentford,2,0,H,0.36943128063451114,0.26009891206067987,0.370469807304809
25-26,2025-11-01,5,0,Burnley,Arsenal,0,2,A,0.18371578104444916,0.23089317561283512,0.5853910433427157
25-26,2025-11-01,4,13,Brighton,Leeds,3,0,H,0.4327610444533269,0.23764930482097837,0.3295896507256947
25-26,2025-11-01,10,32,Fulham,Wolves,3,0,H,0.34255580788506074,0.2822368470767918,0.37520734503814746
25-26,2025-11-02,31,20,West Ham,Newcastle,3,1,H,0.4155243601886519,0.24755837428787925,0.3369172655234688
25-26,2025-11-02,17,2,Man City,Bournemouth,3,1,H,0.8878499728899207,0.07595720099714101,0.03619282611293829
25-26,2025-11-03,26,9,Sunderland,Everton,1,1,D,0.2298925649574812,0.26854332098963196,0.5015641140528868
25-26,2025-11-08,28,18,Tottenham,Man United,2,2,D,0.49809444541897924,0.24232698069089278,0.25957857389012806
25-26,2025-11-08,9,10,Everton,Fulham,2,0,H,0.5123060920358988,0.25606866965926406,0.23162523830483708
25-26,2025-11-08,31,5,West Ham,Burnley,3,2,H,0.4681309732701922,0.2563924222114604,0.27547660451834743
25-26,2025-11-08,26,0,Sunderland,Arsenal,2,2,D,0.09960297781723038,0.17227863529642506,0.7281183868863446
25-26,2025-11-08,7,32,Chelsea,Wolves,3,0,H,0.6099940207313609,0.2329140303155419,0.1570919489530972
25-26,2025-11-09,17,15,Man City,Liverpool,3,0,H,0.5696367624178577,0.21215279465853248,0.21821044292360983
25-26,2025-11-09,22,13,Nott'm Forest,Leeds,3,1,H,0.44595458201843213,0.22479809805649634,0.32924731992507167
25-26,2025-11-09,3,20,Brentford,Newcastle,3,1,H,0.4496631882459034,0.25100297520521425,0.2993338365488823
25-26,2025-11-09,1,2,Aston Villa,Bournemouth,4,0,H,0.5891310568803847,0.20123746038344847,0.20963148273616686
25-26,2025-11-09,8,4,Crystal Palace,Brighton,0,0,D,0.3875106079431021,0.28215385688145267,0.3303355351754452
25-26,2025-11-22,5,7,Burnley,Chelsea,0,2,A,0.184503586233929,0.2323612747680294,0.5831351389980417
25-26,2025-11-22,2,31,Bournemouth,West Ham,2,2,D,0.38710211805440026,0.24199634735094347,0.37090153459465625
25-26,2025-11-22,4,3,Brighton,Brentford,2,1,H,0.36898669639373227,0.2569549351311469,0.37405836847512075
25-26,2025-11-22,10,26,Fulham,Sunderland,1,0,H,0.514777137301801,0.2688331966202944,0.21638966607790455
25-26,2025-11-22,15,22,Liverpool,Nott'm Forest,0,3,A,0.8905772478577622,0.078876370175528,0.030546381966709838
25-26,2025-11-22,32,8,Wolves,Crystal Palace,0,2,A,0.40652698894210787,0.27608647308444534,0.31738653797344674
25-26,2025-11-22,20,17,Newcastle,Man City,2,1,H,0.13941021963687814,0.20015519189157444,0.6604345884715475
25-26,2025-11-23,13,1,Leeds,Aston Villa,1,2,A,0.28709925723677837,0.2477398662030414,0.4651608765601803
25-26,2025-11-23,0,28,Arsenal,Tottenham,4,1,H,0.4949099474926563,0.2227994715517015,0.28229058095564225
25-26,2025-11-24,18,9,Man United,Everton,0,1,A,0.6296115160263105,0.21748614476471873,0.15290233920897078
25-26,2025-11-29,17,13,Man City,Leeds,3,2,H,0.8616177840210333,0.08772849530133515,0.05065372067763157
25-26,2025-11-29,28,10,Tottenham,Fulham,1,2,A,0.6970759741854906,0.1829222861507134,0.12000173966379606
25-26,2025-11-29,9,20,Everton,Newcastle,1,4,A,0.44493456510963886,0.26300477852232207,0.2920606563680392
25-26,2025-11-29,3,5,Brentford,Burnley,3,1,H,0.4990752359215982,0.2570512291130818,0.24387353496532002
25-26,2025-11-29,26,2,Sunderland,Bournemouth,3,2,H,0.2639701681686006,0.2516264045755732,0.48440342725582625
25-26,2025-11-30,8,18,Crystal Palace,Man United,1,2,A,0.2699602258757846,0.261172092956418,0.46886768116779737
25-26,2025-11-30,1,32,Aston Villa,Wolves,1,0,H,0.479192601343726,0.2525324900223564,0.2682749086339176
25-26,2025-11-30,22,4,Nott'm Forest,Brighton,0,2,A,0.4003690829823946,0.2634486422612336,0.3361822747563718
25-26,2025-11-30,31,15,West Ham,Liverpool,0,2,A,0.18537939495242187,0.20201614350428637,0.6126044615432918
25-26,2025-11-30,7,0,Chelsea,Arsenal,1,1,D,0.45500033925418165,0.249299812617826,0.2956998481279924
25-26,2025-12-02,10,17,Fulham,Man City,4,5,A,0.06946341986110387,0.1350300795177099,0.7955065006211862
25-26,2025-12-02,2,9,Bournemouth,Everton,0,1,A,0.4326364610561669,0.2576115683417963,0.3097519706020368
25-26,2025-12-02,20,28,Newcastle,Tottenham,2,2,D,0.31154641100146546,0.2415083495871257,0.4469452394114089
25-26,2025-12-03,13,7,Leeds,Chelsea,3,1,H,0.1819759328682009,0.2033287297128941,0.6146953374189049
25-26,2025-12-03,32,22,Wolves,Nott'm Forest,0,1,A,0.5742806495774063,0.2403131106939382,0.18540623972865544
25-26,2025-12-03,15,26,Liverpool,Sunderland,1,1,D,0.8701878215005657,0.09750968368322244,0.03230249481621189
25-26,2025-12-03,4,1,Brighton,Aston Villa,3,4,A,0.3562342815419914,0.27439199401482733,0.3693737244431813
25-26,2025-12-03,0,3,Arsenal,Brentford,2,0,H,0.6481552052287031,0.1881669209019242,0.16367787386937274
25-26,2025-12-03,5,8,Burnley,Crystal Palace,0,1,A,0.32202903641466185,0.2780968263020601,0.39987413728327803
25-26,2025-12-04,18,31,Man United,West Ham,1,1,D,0.5994043988271242,0.2149368346560047,0.18565876651687105
25-26,2025-12-06,1,0,Aston Villa,Arsenal,2,1,H,0.3033552308940641,0.2294596210010405,0.4671851481048954
25-26,2025-12-06,2,7,Bournemouth,Chelsea,0,0,D,0.23526576930843524,0.22564130003925967,0.5390929306523051
25-26,2025-12-06,9,22,Everton,Nott'm Forest,3,0,H,0.635159163716973,0.21439841043848903,0.15044242584453793
25-26,2025-12-06,17,26,Man City,Sunderland,3,0,H,0.9030855761437776,0.0730742386748504,0.02384018518137204
25-26,2025-12-06,20,5,Newcastle,Burnley,2,1,H,0.5178633525507081,0.25668040462147385,0.2254562428278181
25-26,2025-12-06,28,3,Tottenham,Brentford,2,0,H,0.6225315106704891,0.2021476791217127,0.17532081020779824
25-26,2025-12-06,13,15,Leeds,Liverpool,3,3,D,0.11898971962374211,0.16309944706861948,0.7179108333076384
25-26,2025-12-07,4,31,Brighton,West Ham,1,1,D,0.3939941934222352,0.25769806763027336,0.3483077389474915
25-26,2025-12-07,10,8,Fulham,Crystal Palace,1,2,A,0.3443968425123002,0.2604298454659343,0.39517331202176553
25-26,2025-12-08,32,18,Wolves,Man United,1,4,A,0.27239936842954837,0.2663062174746382,0.46129441409581334
25-26,2025-12-13,7,9,Chelsea,Everton,2,0,H,0.6537822938517018,0.20743252648954852,0.13878517965874962
25-26,2025-12-13,15,4,Liverpool,Brighton,2,0,H,0.7492944172248592,0.16239873707197197,0.08830684570316878
25-26,2025-12-13,5,10,Burnley,Fulham,2,3,A,0.36607627965855377,0.28325769459665706,0.35066602574478917
25-26,2025-12-13,0,32,Arsenal,Wolves,2,1,H,0.657624805425613,0.20392101151630343,0.1384541830580836
25-26,2025-12-14,8,17,Crystal Palace,Man City,0,3,A,0.10219885789399202,0.1794669188807586,0.7183342232252493
25-26,2025-12-14,22,28,Nott'm Forest,Tottenham,3,0,H,0.24252156952917392,0.22019054378278474,0.5372878866880414
25-26,2025-12-14,26,20,Sunderland,Newcastle,1,0,H,0.1892684581591316,0.23943689544779564,0.5712946463930727
25-26,2025-12-14,31,1,West Ham,Aston Villa,2,3,A,0.38299777975381954,0.2555352799216162,0.3614669403245643
25-26,2025-12-14,3,13,Brentford,Leeds,1,1,D,0.5033222470793571,0.22011381664292198,0.2765639362777209
25-26,2025-12-15,18,2,Man United,Bournemouth,4,4,D,0.7007373311279074,0.17565924180336326,0.12360342706872936
25-26,2025-12-20,13,8,Leeds,Crystal Palace,4,1,H,0.3347311218113707,0.2495620033040448,0.4157068748845845
25-26,2025-12-20,28,15,Tottenham,Liverpool,1,2,A,0.3770036171182545,0.24595775173230183,0.3770386311494437
25-26,2025-12-20,32,3,Wolves,Brentford,0,2,A,0.371110616850596,0.26424634373829736,0.3646430394111066
25-26,2025-12-20,9,0,Everton,Arsenal,0,1,A,0.29861315588939147,0.2573192808517612,0.44406756325884733
25-26,2025-12-20,4,26,Brighton,Sunderland,0,0,D,0.5680507884628518,0.2595903336753055,0.17235887786184262
25-26,2025-12-20,2,5,Bournemouth,Burnley,1,1,D,0.43323077049031417,0.2625799599766318,0.30418926953305403
25-26,2025-12-20,20,7,Newcastle,Chelsea,2,2,D,0.3186033947234871,0.25288727533321825,0.42850932994329466
25-26,2025-12-20,17,31,Man City,West Ham,3,0,H,0.817792129066712,0.11555443568418299,0.06665343524910491
25-26,2025-12-21,1,18,Aston Villa,Man United,2,1,H,0.32888672218612414,0.23839423426528916,0.4327190435485866
25-26,2025-12-22,10,22,Fulham,Nott'm Forest,1,0,H,0.5172281462084259,0.24325975485966833,0.23951209893190573
25-26,2025-12-26,18,20,Man United,Newcastle,1,0,H,0.5861165266475858,0.22515930441542514,0.18872416893698904
25-26,2025-12-27,7,1,Chelsea,Aston Villa,1,2,A,0.574786313743846,0.23328916535748384,0.19192452089867007
25-26,2025-12-27,31,10,West Ham,Fulham,0,1,A,0.48817372613398163,0.24424595941761873,0.26758031444839964
25-26,2025-12-27,15,32,Liverpool,Wolves,2,1,H,0.7491491193657831,0.16746227893254634,0.08338860170167063
25-26,2025-12-27,3,2,Brentford,Bournemouth,4,1,H,0.5666544548368745,0.21827706509697783,0.21506848006614773
25-26,2025-12-27,0,4,Arsenal,Brighton,2,1,H,0.6531932224676356,0.1987635252819297,0.14804325225043463
25-26,2025-12-27,22,17,Nott'm Forest,Man City,1,2,A,0.09758744730810877,0.16002755883061562,0.7423849938612757
25-26,2025-12-27,5,9,Burnley,Everton,0,0,D,0.34976867538997714,0.28850678621361914,0.3617245383964038
25-26,2025-12-28,26,13,Sunderland,Leeds,1,1,D,0.206816099962357,0.2177130912984446,0.5754708087391984
25-26,2025-12-28,8,28,Crystal Palace,Tottenham,0,1,A,0.24137404763730072,0.2368060194790615,0.5218199328836378
25-26,2025-12-30,0,1,Arsenal,Aston Villa,4,1,H,0.6219853286601054,0.2072184829289386,0.170796188410956
25-26,2025-12-30,18,32,Man United,Wolves,1,1,D,0.5860706355276755,0.24229308018744306,0.17163628428488145
25-26,2025-12-30,31,4,West Ham,Brighton,2,2,D,0.41728685365315654,0.2582920547167242,0.3244210916301193
25-26,2025-12-30,5,20,Burnley,Newcastle,1,3,A,0.30398453131731434,0.27276044375053565,0.42325502493214995
25-26,2025-12-30,7,2,Chelsea,Bournemouth,2,2,D,0.7246908153445324,0.16496240402040932,0.11034678063505825
25-26,2025-12-30,22,9,Nott'm Forest,Everton,0,2,A,0.45004824940296473,0.2580106041494611,0.29194114644757413
25-26,2026-01-01,8,10,Crystal Palace,Fulham,1,1,D,0.4529238706033679,0.26965030136502044,0.2774258280316116
25-26,2026-01-01,15,13,Liverpool,Leeds,0,0,D,0.8211967545404124,0.11196848678352715,0.06683475867606048
25-26,2026-01-01,3,28,Brentford,Tottenham,0,0,D,0.28961743746463414,0.2338117864995181,0.4765707760358478
25-26,2026-01-01,26,17,Sunderland,Man City,0,0,D,0.030558491527620076,0.0873370376836241,0.8821044707887559
25-26,2026-01-03,1,22,Aston Villa,Nott'm Forest,3,1,H,0.6731467604068627,0.1829114010477635,0.14394183854537376
25-26,2026-01-03,4,5,Brighton,Burnley,2,0,H,0.4347014971445035,0.2791176937350658,0.2861808091204307
25-26,2026-01-03,32,31,Wolves,West Ham,3,0,H,0.3955095796824606,0.26478220845565276,0.3397082118618866
25-26,2026-01-03,2,0,Bournemouth,Arsenal,2,3,A,0.23438275988407978,0.22440673971211475,0.5412105004038055
25-26,2026-01-04,17,7,Man City,Chelsea,1,1,D,0.6674958508683236,0.18392177448840097,0.14858237464327534
25-26,2026-01-04,10,15,Fulham,Liverpool,2,2,D,0.13030458821351684,0.17948603836574076,0.6902093734207424
25-26,2026-01-04,28,26,Tottenham,Sunderland,1,1,D,0.7848019088415995,0.14969129475231424,0.06550679640608624
25-26,2026-01-04,9,3,Everton,Brentford,2,4,A,0.4289885083527664,0.25547320549212116,0.3155382861551123
25-26,2026-01-04,13,18,Leeds,Man United,1,1,D,0.20235899216937547,0.2172375727429839,0.5804034350876406
25-26,2026-01-04,20,8,Newcastle,Crystal Palace,2,0,H,0.4905938591459278,0.2512942653894848,0.25811187546458747
25-26,2026-01-06,31,22,West Ham,Nott'm Forest,1,2,A,0.6185726589757083,0.20778928135943092,0.1736380596648607
25-26,2026-01-07,2,28,Bournemouth,Tottenham,3,2,H,0.2257838760389046,0.21268934281766927,0.5615267811434261
25-26,2026-01-07,3,26,Brentford,Sunderland,3,0,H,0.6345908585799246,0.2254787741032896,0.13993036731678576
25-26,2026-01-07,8,1,Crystal Palace,Aston Villa,0,0,D,0.35645956770147946,0.2778257754727901,0.36571465682573034
25-26,2026-01-07,9,32,Everton,Wolves,1,1,D,0.4533086745532966,0.28467552365713944,0.2620158017895639
25-26,2026-01-07,10,7,Fulham,Chelsea,2,1,H,0.19399791228088634,0.218415028905832,0.5875870588132817
25-26,2026-01-07,17,4,Man City,Brighton,1,1,D,0.7946669252589276,0.13399032354040563,0.07134275120066669
25-26,2026-01-07,5,18,Burnley,Man United,2,2,D,0.20274657676468172,0.24666014946003145,0.5505932737752868
25-26,2026-01-07,20,13,Newcastle,Leeds,4,3,H,0.5264891467066564,0.2193554288989953,0.25415542439434824
25-26,2026-01-08,0,15,Arsenal,Liverpool,0,0,D,0.3955238040416965,0.23744851298681743,0.36702768297148597
25-26,2026-01-17,22,0,Nott'm Forest,Arsenal,0,0,D,0.25074698715994614,0.2316392692604749,0.517613743579579
25-26,2026-01-17,28,31,Tottenham,West Ham,1,2,A,0.6479323632136457,0.1941567620384077,0.15791087474794657
25-26,2026-01-17,26,8,Sunderland,Crystal Palace,2,1,H,0.20457960644091297,0.2496989404438808,0.5457214531152063
25-26,2026-01-17,15,5,Liverpool,Burnley,1,1,D,0.7857107677706696,0.14488838176469376,0.06940085046463662
25-26,2026-01-17,7,3,Chelsea,Brentford,2,0,H,0.6000589933638212,0.21345363525803138,0.18648737137814753
25-26,2026-01-17,18,17,Man United,Man City,2,0,H,0.21409619386921858,0.23964608886240413,0.5462577172683772
25-26,2026-01-17,13,10,Leeds,Fulham,1,0,H,0.38416607269751435,0.2541167700760254,0.36171715722646014
25-26,2026-01-18,32,20,Wolves,Newcastle,0,0,D,0.38759524753043884,0.2741190351152071,0.33828571735435403
25-26,2026-01-18,1,9,Aston Villa,Everton,0,1,A,0.5203071708606855,0.2341661357727505,0.24552669336656394
25-26,2026-01-19,4,2,Brighton,Bournemouth,1,1,D,0.4959461871076469,0.24274993339030793,0.26130387950204526
25-26,2026-01-24,31,26,West Ham,Sunderland,3,1,H,0.6097356367481358,0.2303211403425161,0.15994322290934804
25-26,2026-01-24,5,28,Burnley,Tottenham,2,2,D,0.17603388822664662,0.21700131722804253,0.6069647945453108
25-26,2026-01-24,10,4,Fulham,Brighton,2,1,H,0.32883329976904163,0.2685459130455206,0.40262078718543776
25-26,2026-01-24,17,32,Man City,Wolves,2,0,H,0.7942174825624406,0.13816367869453328,0.06761883874302613
25-26,2026-01-24,2,15,Bournemouth,Liverpool,3,2,H,0.16179835395634187,0.1917124447559291,0.646489201287729
25-26,2026-01-25,20,1,Newcastle,Aston Villa,0,2,A,0.43659534888709395,0.26347581448120594,0.29992883663170006
25-26,2026-01-25,0,18,Arsenal,Man United,2,3,A,0.5211653396694836,0.23034511585284792,0.24848954447766844
25-26,2026-01-25,8,7,Crystal Palace,Chelsea,1,3,A,0.24932707946041235,0.25024569030185745,0.5004272302377302
25-26,2026-01-25,3,22,Brentford,Nott'm Forest,0,2,A,0.6470660630845607,0.20219591568336454,0.1507380212320748
25-26,2026-01-26,9,13,Everton,Leeds,1,1,D,0.49835406416773614,0.23039256913189565,0.27125336670036815
25-26,2026-01-31,4,9,Brighton,Everton,1,1,D,0.4348070607221805,0.27374519337796027,0.2914477458998592
25-26,2026-01-31,13,0,Leeds,Arsenal,0,4,A,0.18103787705304447,0.2019791871889611,0.6169829357579943
25-26,2026-01-31,32,2,Wolves,Bournemouth,0,2,A,0.49531156202541127,0.24900785909187215,0.25568057888271656
25-26,2026-01-31,7,31,Chelsea,West Ham,3,2,H,0.6253779499482114,0.2059201868886362,0.16870186316315242
25-26,2026-01-31,15,20,Liverpool,Newcastle,4,1,H,0.7587265423390528,0.15287667208841238,0.08839678557253482
25-26,2026-02-01,1,3,Aston Villa,Brentford,0,1,A,0.44759739082111055,0.22853795523947054,0.3238646539394189
25-26,2026-02-01,18,10,Man United,Fulham,3,2,H,0.650797098236325,0.20626076335372542,0.14294213840994957
25-26,2026-02-01,22,8,Nott'm Forest,Crystal Palace,1,1,D,0.41910529511830047,0.253917334888639,0.3269773699930605
25-26,2026-02-01,28,17,Tottenham,Man City,2,2,D,0.2438374888689399,0.24181865097131855,0.5143438601597415
25-26,2026-02-02,26,5,Sunderland,Burnley,3,0,H,0.23256614876974147,0.27595666686088155,0.49147718436937693
25-26,2026-02-06,13,22,Leeds,Nott'm Forest,3,1,H,0.5125521882903865,0.2360127742707678,0.2514350374388457
25-26,2026-02-07,20,3,Newcastle,Brentford,2,3,A,0.45436206169534693,0.2457341121804526,0.2999038261242004
25-26,2026-02-07,32,7,Wolves,Chelsea,1,3,A,0.2520886429819947,0.25547830029685614,0.4924330567211492
25-26,2026-02-07,10,9,Fulham,Everton,1,2,A,0.3748084011557965,0.26913376006261547,0.3560578387815881
25-26,2026-02-07,18,28,Man United,Tottenham,2,0,H,0.4259986499821408,0.2443908696450203,0.32961048037283897
25-26,2026-02-07,2,1,Bournemouth,Aston Villa,1,1,D,0.34941870523039986,0.25656669381686614,0.394014600952734
25-26,2026-02-07,0,26,Arsenal,Sunderland,3,0,H,0.8084360543982578,0.13291072750798558,0.058653218093756586
25-26,2026-02-07,5,31,Burnley,West Ham,0,2,A,0.30893601898327594,0.2636825349755143,0.42738144604120976
25-26,2026-02-08,4,8,Brighton,Crystal Palace,0,1,A,0.40588914529778075,0.2687216803996391,0.32538917430258024
25-26,2026-02-08,15,17,Liverpool,Man City,1,2,A,0.36656978678305135,0.26207296467369723,0.3713572485432515
25-26,2026-02-10,28,20,Tottenham,Newcastle,1,2,A,0.6339725401398993,0.20437298266985537,0.16165447719024528
25-26,2026-02-10,7,13,Chelsea,Leeds,2,2,D,0.6770247942447069,0.17652037320167027,0.1464548325536229
25-26,2026-02-10,9,2,Everton,Bournemouth,1,2,A,0.558260273209416,0.22943447497662212,0.21230525181396195
25-26,2026-02-10,31,18,West Ham,Man United,1,1,D,0.28727632407207143,0.24185940596395628,0.4708642699639724
25-26,2026-02-11,26,15,Sunderland,Liverpool,0,1,A,0.06189477635270425,0.12854154930536554,0.8095636743419301
25-26,2026-02-11,22,32,Nott'm Forest,Wolves,0,0,D,0.4128744577599665,0.27429216509909177,0.3128333771409418
25-26,2026-02-11,1,4,Aston Villa,Brighton,1,0,H,0.4671913281813877,0.24426982841616085,0.28853884340245145
25-26,2026-02-11,8,5,Crystal Palace,Burnley,2,3,A,0.43392247377206916,0.28246399904253355,0.28361352718539734
25-26,2026-02-11,17,10,Man City,Fulham,3,0,H,0.8492832066795009,0.10219735548112663,0.04851943783937253
25-26,2026-02-12,3,0,Brentford,Arsenal,1,1,D,0.29680555393067304,0.24437225760230863,0.4588221884670184
25-26,2026-02-18,32,0,Wolves,Arsenal,2,2,D,0.25138545306696647,0.2541851987441343,0.4944293481888993
25-26,2026-02-21,1,13,Aston Villa,Leeds,1,1,D,0.5218725317027618,0.20517582444695673,0.27295164385028153
25-26,2026-02-21,3,4,Brentford,Brighton,0,2,A,0.4495893988548447,0.261730941997505,0.28867965914765026
25-26,2026-02-21,7,5,Chelsea,Burnley,1,1,D,0.6505245827022764,0.21202917568857574,0.1374462416091479
25-26,2026-02-21,31,2,West Ham,Bournemouth,0,0,D,0.5328071145800312,0.2210023625577895,0.24619052286217938
25-26,2026-02-21,17,20,Man City,Newcastle,2,1,H,0.8038539852459986,0.1254055165571595,0.07074049819684186
25-26,2026-02-22,8,32,Crystal Palace,Wolves,1,0,H,0.39831574024353783,0.2942080187961859,0.3074762409602762
25-26,2026-02-22,22,15,Nott'm Forest,Liverpool,0,1,A,0.17583800477635572,0.20128720615736356,0.6228747890662807
25-26,2026-02-22,26,10,Sunderland,Fulham,1,3,A,0.24171031501343232,0.26663923507991677,0.49165044990665097
25-26,2026-02-22,28,0,Tottenham,Arsenal,1,4,A,0.47492176118783413,0.2409360996929525,0.28414213911921343
25-26,2026-02-23,9,18,Everton,Man United,0,1,A,0.32091120448018146,0.26684373775413767,0.41224505776568093
25-26,2026-02-27,32,1,Wolves,Aston Villa,2,0,H,0.35777440570501856,0.28236541045223895,0.3598601838427425
25-26,2026-02-28,13,17,Leeds,Man City,0,1,A,0.06115776086930069,0.11820861964554466,0.8206336194851547
25-26,2026-02-28,20,9,Newcastle,Everton,2,3,A,0.5191240408249632,0.25182766450927374,0.22904829466576304
25-26,2026-02-28,2,26,Bournemouth,Sunderland,1,1,D,0.5757555103137338,0.2435038869191645,0.18074060276710172
25-26,2026-02-28,5,3,Burnley,Brentford,3,4,A,0.28660277683825075,0.259150188556704,0.4542470346050452
25-26,2026-02-28,15,31,Liverpool,West Ham,5,2,H,0.7734441076639017,0.14222993333823236,0.08432595899786594
25-26,2026-03-01,4,22,Brighton,Nott'm Forest,2,1,H,0.5774681458941485,0.23382689852555882,0.18870495558029257
25-26,2026-03-01,10,28,Fulham,Tottenham,2,1,H,0.18458875268246316,0.2041136795090003,0.6112975678085365
25-26,2026-03-01,18,8,Man United,Crystal Palace,2,1,H,0.604693326033072,0.2212084733836078,0.1740982005833201
25-26,2026-03-01,0,7,Arsenal,Chelsea,2,1,H,0.49754738696076495,0.23061714608287337,0.27183546695636174
25-26,2026-03-03,2,3,Bournemouth,Brentford,0,0,D,0.3606911800129241,0.24064141107995288,0.39866740890712304
25-26,2026-03-03,9,5,Everton,Burnley,2,0,H,0.49119348151366937,0.2699862841523237,0.2388202343340069
25-26,2026-03-03,13,26,Leeds,Sunderland,0,1,A,0.5127309734648948,0.2602809374508855,0.22698808908421972
25-26,2026-03-03,32,15,Wolves,Liverpool,2,1,H,0.18122687723083425,0.22495350256693025,0.5938196202022356
25-26,2026-03-04,20,18,Newcastle,Man United,2,1,H,0.341251392554039,0.2602398058831844,0.3985088015627765
25-26,2026-03-04,17,22,Man City,Nott'm Forest,2,2,D,0.9205506685446869,0.057656614021918524,0.02179271743339452
25-26,2026-03-04,10,31,Fulham,West Ham,0,1,A,0.32983251222541277,0.24758819873738047,0.42257928903720676
25-26,2026-03-04,4,0,Brighton,Arsenal,0,1,A,0.2471393711059028,0.24519355394537176,0.5076670749487254
25-26,2026-03-04,1,7,Aston Villa,Chelsea,1,4,A,0.3041859903101114,0.2304968491967728,0.46531716049311583
25-26,2026-03-05,28,8,Tottenham,Crystal Palace,1,3,A,0.6521250597663591,0.19950894700067923,0.14836599323296165
25-26,2026-03-14,5,2,Burnley,Bournemouth,0,0,D,0.4011817325988454,0.26270424112940644,0.3361140262717481
25-26,2026-03-14,26,4,Sunderland,Brighton,0,1,A,0.19588790173839624,0.256046450504408,0.5480656477571958
25-26,2026-03-14,0,9,Arsenal,Everton,2,0,H,0.7016681587631164,0.1786340954088632,0.11969774582802047
25-26,2026-03-14,7,20,Chelsea,Newcastle,0,1,A,0.6116152116847737,0.21629347616405595,0.1720913121511703
25-26,2026-03-14,31,17,West Ham,Man City,1,1,D,0.10303867348216644,0.16151344956934227,0.7354478769484912
25-26,2026-03-15,8,13,Crystal Palace,Leeds,0,0,D,0.432928221453175,0.2403552674895666,0.3267165110572584
25-26,2026-03-15,18,1,Man United,Aston Villa,3,1,H,0.5495232972848232,0.24131964398408215,0.2091570587310948
25-26,2026-03-15,22,10,Nott'm Forest,Fulham,0,0,D,0.469654617384834,0.25092258624507735,0.27942279637008866
25-26,2026-03-15,15,28,Liverpool,Tottenham,1,1,D,0.6198750162828449,0.20164997364651874,0.17847501007063646
25-26,2026-03-16,3,32,Brentford,Wolves,2,2,D,0.46017715402748544,0.2712208137792216,0.268602032193293
25-26,2026-03-20,2,18,Bournemouth,Man United,2,2,D,0.25741010158022476,0.237045444875048,0.5055444535447273
25-26,2026-03-21,4,15,Brighton,Liverpool,2,1,H,0.17606015688746973,0.21496643263512727,0.608973410477403
25-26,2026-03-21,10,5,Fulham,Burnley,3,1,H,0.3760427116405028,0.2746791205262239,0.3492781678332733
25-26,2026-03-21,9,7,Everton,Chelsea,3,0,H,0.2992557659052241,0.2584773213478264,0.4422669127469495
25-26,2026-03-21,13,3,Leeds,Brentford,0,0,D,0.29391246986378367,0.2322258659975896,0.4738616641386267
25-26,2026-03-22,20,26,Newcastle,Sunderland,1,2,A,0.6494244425679812,0.2221005683089425,0.12847498912307637
25-26,2026-03-22,1,31,Aston Villa,West Ham,2,0,H,0.47606760931461634,0.22627765243742656,0.2976547382479571
25-26,2026-03-22,28,22,Tottenham,Nott'm Forest,0,3,A,0.8052366645636624,0.1284766904582599,0.06628664497807776
25-26,2026-04-10,31,32,West Ham,Wolves,4,0,H,0.4297812785643544,0.2684100035793516,0.3018087178562941
25-26,2026-04-11,0,2,Arsenal,Bournemouth,1,2,A,0.7713417338368225,0.13741795657776648,0.09124030958541113
25-26,2026-04-11,3,9,Brentford,Everton,2,2,D,0.4998358338472599,0.2522534856778509,0.24791068047488923
25-26,2026-04-11,5,4,Burnley,Brighton,0,2,A,0.30748439183926735,0.2867185886993944,0.4057970194613383
25-26,2026-04-11,15,10,Liverpool,Fulham,2,0,H,0.8084786777753076,0.12890298308244003,0.06261833914225244
25-26,2026-04-12,7,17,Chelsea,Man City,0,3,A,0.23254443036271488,0.2452462183034957,0.5222093513337894
25-26,2026-04-12,26,28,Sunderland,Tottenham,1,0,H,0.09235823603967425,0.15719817582179596,0.7504435881385298
25-26,2026-04-12,22,1,Nott'm Forest,Aston Villa,1,1,D,0.3668258099620097,0.2596838899471017,0.3734903000908885
25-26,2026-04-12,8,20,Crystal Palace,Newcastle,2,1,H,0.3864260387331453,0.26990730967846643,0.34366665158838816
25-26,2026-04-13,18,13,Man United,Leeds,1,2,A,0.650571792515429,0.18627870079915854,0.1631495066854125
25-26,2026-04-18,3,10,Brentford,Fulham,0,0,D,0.5202730552034153,0.24379075091487595,0.23593619388170883
25-26,2026-04-18,13,32,Leeds,Wolves,3,0,H,0.3346392723697987,0.27055293552277404,0.3948077921074273
25-26,2026-04-18,20,2,Newcastle,Bournemouth,1,2,A,0.587010943415436,0.21584769921269198,0.197141357371872
25-26,2026-04-18,28,4,Tottenham,Brighton,2,2,D,0.6276489800533563,0.2140224206518108,0.15832859929483287
25-26,2026-04-18,7,18,Chelsea,Man United,0,1,A,0.4777198150837639,0.25152340842424253,0.27075677649199353
25-26,2026-04-19,1,26,Aston Villa,Sunderland,4,3,H,0.6620257021721484,0.20359054949664654,0.134383748331205
25-26,2026-04-19,9,15,Everton,Liverpool,1,2,A,0.2201768058461969,0.23512953639353953,0.5446936577602636
25-26,2026-04-19,22,5,Nott'm Forest,Burnley,4,1,H,0.4502477871728833,0.2629475991311375,0.28680461369597926
25-26,2026-04-19,17,0,Man City,Arsenal,2,1,H,0.6677740010349837,0.18328020768841063,0.1489457912766056
25-26,2026-04-20,8,31,Crystal Palace,West Ham,0,0,D,0.3941648483882793,0.2607745582718889,0.34506059333983186
25-26,2026-04-21,4,7,Brighton,Chelsea,3,0,H,0.24789750022961618,0.24646612769811344,0.5056363720722703
25-26,2026-04-22,5,17,Burnley,Man City,0,1,A,0.06919139232885248,0.14836458314959425,0.7824440245215533
25-26,2026-04-22,2,13,Bournemouth,Leeds,2,2,D,0.4254829207963015,0.224099757297767,0.35041732190593144
25-26,2026-04-24,26,22,Sunderland,Nott'm Forest,0,5,A,0.342113199831585,0.27828093512444535,0.37960586504396976
25-26,2026-04-25,10,1,Fulham,Aston Villa,1,0,H,0.2973898989340244,0.26010636977587787,0.4425037312900976
25-26,2026-04-25,15,8,Liverpool,Crystal Palace,3,1,H,0.7728735541453722,0.1469035243365613,0.08022292151806654
25-26,2026-04-25,31,9,West Ham,Everton,2,1,H,0.4680740045843182,0.25164415646824057,0.2802818389474412
25-26,2026-04-25,32,28,Wolves,Tottenham,0,1,A,0.2444682884414459,0.24192875226744473,0.5136029592911094
25-26,2026-04-25,0,20,Arsenal,Newcastle,1,0,H,0.6596021492243542,0.1896800950756033,0.15071775570004242
25-26,2026-04-27,18,3,Man United,Brentford,2,1,H,0.5737109303137181,0.22179542144469205,0.2044936482415899
25-26,2026-05-01,13,5,Leeds,Burnley,3,1,H,0.3683508321678891,0.26414258313916955,0.36750658469294134
25-26,2026-05-02,3,31,Brentford,West Ham,3,0,H,0.4590898534960971,0.24212288769619214,0.29878725880771073
25-26,2026-05-02,20,4,Newcastle,Brighton,3,1,H,0.46935935638725124,0.26295997118791514,0.2676806724248337
25-26,2026-05-02,32,26,Wolves,Sunderland,1,1,D,0.5635531742479438,0.2672228950027731,0.1692239307492831
25-26,2026-05-02,0,10,Arsenal,Fulham,3,0,H,0.7225948770333184,0.1671954915575074,0.11020963140917422
25-26,2026-05-03,1,28,Aston Villa,Tottenham,1,2,A,0.29523984316378354,0.21959958234706417,0.48516057448915223
25-26,2026-05-03,18,15,Man United,Liverpool,3,2,H,0.33605895012019404,0.2513922920226835,0.4125487578571225
25-26,2026-05-03,2,8,Bournemouth,Crystal Palace,3,0,H,0.40112038904323083,0.25251802248962074,0.3463615884671484
25-26,2026-05-04,7,22,Chelsea,Nott'm Forest,1,3,A,0.7851490147331677,0.14142258131477622,0.07342840395205623
25-26,2026-05-04,9,17,Everton,Man City,3,3,D,0.13072771521701315,0.20157776246267817,0.6676945223203086
25-26,2026-05-09,15,7,Liverpool,Chelsea,1,1,D,0.6174707205006505,0.20915004617568264,0.17337923332366684
25-26,2026-05-09,4,32,Brighton,Wolves,3,0,H,0.3988775440793722,0.2906623809886347,0.3104600749319931
25-26,2026-05-09,10,2,Fulham,Bournemouth,0,1,A,0.42973651514023825,0.24414261618836286,0.3261208686713989
25-26,2026-05-09,26,18,Sunderland,Man United,0,0,D,0.11419101657031049,0.1913832668869053,0.6944257165427843
25-26,2026-05-09,17,3,Man City,Brentford,3,0,H,0.7985707808406786,0.12496601471053687,0.07646320444878453
25-26,2026-05-10,22,20,Nott'm Forest,Newcastle,1,1,D,0.39831281742898084,0.2522824851953011,0.34940469737571805
25-26,2026-05-10,5,1,Burnley,Aston Villa,2,2,D,0.27880986935502927,0.2770222114874425,0.44416791915752823
25-26,2026-05-10,8,9,Crystal Palace,Everton,2,2,D,0.4341428873837174,0.2770071827456191,0.28884992987066344
25-26,2026-05-10,31,0,West Ham,Arsenal,0,1,A,0.2634077823215318,0.23075307739918716,0.5058391402792811
25-26,2026-05-11,28,13,Tottenham,Leeds,1,1,D,0.6998091942576131,0.16483889405659727,0.1353519116857896
25-26,2026-05-13,17,8,Man City,Crystal Palace,3,0,H,0.8168808846291388,0.11943352635808213,0.06368558901277908
25-26,2026-05-15,1,15,Aston Villa,Liverpool,4,2,H,0.21668775831133583,0.20612884824534508,0.577183393443319
25-26,2026-05-17,18,22,Man United,Nott'm Forest,3,2,H,0.7643964925210258,0.15255348803828808,0.08305001944068606
25-26,2026-05-17,3,8,Brentford,Crystal Palace,2,2,D,0.47017096510531514,0.25081435682902425,0.27901467806566066
25-26,2026-05-17,9,26,Everton,Sunderland,1,3,A,0.6210563068907667,0.23964888172972304,0.13929481137951022
25-26,2026-05-17,13,4,Leeds,Brighton,1,0,H,0.31956543306007107,0.25692869165831106,0.423505875281618
25-26,2026-05-17,32,10,Wolves,Fulham,1,1,D,0.4530501981677688,0.2736266696230239,0.2733231322092073
25-26,2026-05-17,20,31,Newcastle,West Ham,3,1,H,0.480805122955298,0.24292273234065534,0.2762721447040466
25-26,2026-05-18,0,5,Arsenal,Burnley,1,0,H,0.6983647413135332,0.18276088619758102,0.11887437248888573
25-26,2026-05-19,7,28,Chelsea,Tottenham,2,1,H,0.4524346826737491,0.24118911147271607,0.3063762058535349
25-26,2026-05-19,2,17,Bournemouth,Man City,1,1,D,0.08803014653597516,0.14892535505905144,0.7630444984049733
25-26,2026-05-24,22,2,Nott'm Forest,Bournemouth,1,1,D,0.5130608085476442,0.22808123234531716,0.2588579591070386
25-26,2026-05-24,17,1,Man City,Aston Villa,1,2,A,0.7710732309213584,0.14449622002163287,0.08443054905700875
25-26,2026-05-24,26,7,Sunderland,Chelsea,2,1,H,0.1003598348565971,0.1738875759521492,0.7257525891912537
25-26,2026-05-24,15,3,Liverpool,Brentford,1,1,D,0.7526778401003215,0.15181340129125717,0.09550875860842142
25-26,2026-05-24,28,9,Tottenham,Everton,1,0,H,0.676026667877156,0.19444966705364264,0.12952366506920138
25-26,2026-05-24,8,0,Crystal Palace,Arsenal,1,2,A,0.248591903432048,0.24896332208872732,0.5024447744792246
25-26,2026-05-24,5,32,Burnley,Wolves,1,1,D,0.31966185548097187,0.30207335818344794,0.37826478633558014
25-26,2026-05-24,4,18,Brighton,Man United,0,3,A,0.26879229217953843,0.257431120945603,0.4737765868748586
25-26,2026-05-24,10,20,Fulham,Newcastle,2,0,H,0.32465453407493794,0.2559180793855649,0.41942738653949724
25-26,2026-05-24,31,13,West Ham,Leeds,3,0,H,0.46522729996120565,0.21972012918613254,0.3150525708526618
